article_id,true_subjects,prediction_1,score_1,prediction_2,score_2,prediction_3,score_3,prediction_4,score_4,prediction_5,score_5
86,"Fen > Mühendislik > Nanobilim ve Nanoteknoloji || Fen > Temel Bilimler > Kimya, İnorganik ve Nükleer",Fen > Mühendislik > Nanobilim ve Nanoteknoloji,0.5892,"Fen > Temel Bilimler > Kimya, Uygulamalı",0.546,"Fen > Mühendislik > Malzeme Bilimleri, Kaplamalar ve Filmler",0.5421,"Fen > Mühendislik > Malzeme Bilimleri, Özellik ve Test",0.5383,"Fen > Temel Bilimler > Fizik, Katı Hal",0.5245
94,Fen > Ziraat > Bitki Bilimleri,Fen > Temel Bilimler > Entomoloji,0.6106,Fen > Ziraat > Bitki Bilimleri,0.5981,Fen > Temel Bilimler > Zooloji,0.5679,Fen > Temel Bilimler > Genetik ve Kalıtım,0.5604,Fen > Temel Bilimler > Ekoloji,0.5504
100,Sosyal > Sosyal > Beslenme ve Diyetetik,Sosyal > Sosyal > Beslenme ve Diyetetik,0.6871,Fen > Tıp > Spor Bilimleri,0.5446,Fen > Tıp > Fizyoloji,0.5379,Fen > Tıp > Sağlık Bilimleri ve Hizmetleri,0.4859,Fen > Ziraat > Tarımsal Ekonomi ve Politika,0.4593
101,Fen > Mühendislik > Gıda Bilimi ve Teknolojisi || Fen > Ziraat > Bitki Bilimleri,Fen > Ziraat > Bitki Bilimleri,0.6387,Fen > Temel Bilimler > Biyoloji,0.6219,Fen > Mühendislik > Gıda Bilimi ve Teknolojisi,0.6066,Fen > Eczacılık > Farmakoloji ve Eczacılık,0.6062,Fen > Tıp > Biyoteknoloji ve Uygulamalı Mikrobiyoloji,0.5964
103,Fen > Ziraat > Bitki Bilimleri,Fen > Ziraat > Bitki Bilimleri,0.5973,Fen > Temel Bilimler > Genetik ve Kalıtım,0.5497,Fen > Temel Bilimler > Ekoloji,0.5483,Fen > Temel Bilimler > Biyoloji Çeşitliliğinin Korunması,0.5285,Fen > Temel Bilimler > Entomoloji,0.5282
117,Fen > Mühendislik > Nanobilim ve Nanoteknoloji || Fen > Ziraat > Bitki Bilimleri,Fen > Ziraat > Bitki Bilimleri,0.5479,Fen > Tıp > Biyoteknoloji ve Uygulamalı Mikrobiyoloji,0.5096,Fen > Temel Bilimler > Biyoloji,0.5095,Fen > Ziraat > Bahçe Bitkileri,0.5081,Fen > Tıp > Biyokimya ve Moleküler Biyoloji,0.5037
118,Fen > Ziraat > Bitki Bilimleri,Fen > Temel Bilimler > Biyoloji,0.4811,Fen > Tıp > Biyoteknoloji ve Uygulamalı Mikrobiyoloji,0.4776,Fen > Ziraat > Bitki Bilimleri,0.4499,Fen > Temel Bilimler > Mikroskopi,0.4458,"Fen > Temel Bilimler > Kimya, Uygulamalı",0.4231
123,"Sosyal > Sosyal > Eğitim, Özel || Sosyal > Sosyal > Sosyal Çalışma || Sosyal > Sosyal > Sosyoloji","Sosyal > Sosyal > Eğitim, Özel",0.7257,Sosyal > Sosyal > Sosyal Çalışma,0.6506,"Sosyal > Sosyal > Eğitim, Eğitim Araştırmaları",0.588,Fen > Tıp > Odyoloji ve Konuşma-Dil Patolojisi,0.5876,Sosyal > Sosyal > Sosyoloji,0.5848
125,Sosyal > Sosyal > Kadın Araştırmaları || Sosyal > Sosyal > Sosyal Çalışma,"Sosyal > Sosyal > Eğitim, Özel",0.7166,Sosyal > Sosyal > Aile Çalışmaları,0.6696,Fen > Tıp > Kadın Hastalıkları ve Doğum,0.6426,Sosyal > Sosyal > Hemşirelik,0.6198,Sosyal > Sosyal > Sosyal Çalışma,0.6021
330,Fen > Tıp > Genel ve Dahili Tıp || Sosyal > Sosyal > Hemşirelik,Sosyal > Sosyal > Hemşirelik,0.6201,Fen > Tıp > Sağlık Bilimleri ve Hizmetleri,0.6098,Fen > Tıp > Genel ve Dahili Tıp,0.6084,Fen > Tıp > Psikiyatri,0.5837,Sosyal > Sosyal > Sağlık Politikaları ve Hizmetleri,0.582
332,Fen > Tıp > Gastroenteroloji ve Hepatoloji || Fen > Tıp > Genel ve Dahili Tıp,Fen > Tıp > Gastroenteroloji ve Hepatoloji,0.6171,"Fen > Tıp > Yoğun Bakım, Tıp",0.6064,Fen > Tıp > Cerrahi,0.5947,Fen > Tıp > Transplantasyon,0.5831,Fen > Tıp > Acil Tıp,0.5804
333,Fen > Tıp > Genel ve Dahili Tıp,Fen > Tıp > Sağlık Bilimleri ve Hizmetleri,0.6193,Sosyal > Sosyal > Hemşirelik,0.6055,Fen > Tıp > Geriatri ve Gerontoloji,0.6019,Fen > Tıp > Fizyoloji,0.5757,"Sosyal > Sosyal > Eğitim, Eğitim Araştırmaları",0.5484
344,"Sosyal > Sosyal > Eğitim, Eğitim Araştırmaları || Sosyal > Sosyal > Kadın Araştırmaları || Sosyal > Sosyal > Sosyal Çalışma",Sosyal > Sosyal > Kadın Araştırmaları,0.742,"Sosyal > Sosyal > Eğitim, Eğitim Araştırmaları",0.6667,Sosyal > Sosyal > Sosyoloji,0.6406,Sosyal > Sosyal > Sosyal Çalışma,0.5843,Sosyal > Sosyal > Aile Çalışmaları,0.5757
346,"Sosyal > Sosyal > Eğitim, Eğitim Araştırmaları","Sosyal > Sosyal > Eğitim, Eğitim Araştırmaları",0.6518,Sosyal > Sosyal > Aile Çalışmaları,0.5854,"Sosyal > Sosyal > Eğitim, Özel",0.572,Sosyal > Sosyal > Sosyal Çalışma,0.5544,Fen > Tıp > Sağlık Bilimleri ve Hizmetleri,0.5458
349,Sosyal > Sosyal > Tarih,Sosyal > Sosyal > Tarih,0.6099,Sosyal > Sosyal > Ortaçağ ve Rönesans Çalışmaları,0.5376,Sosyal > Sosyal > Uluslararası İlişkiler,0.4972,Sosyal > Sosyal > Arkeoloji,0.4923,Fen > Mühendislik > Taşınım Bilimi ve Teknolojisi,0.4614
352,"Sosyal > Sosyal > Eğitim, Eğitim Araştırmaları || Sosyal > Sosyal > Tarih","Sosyal > Sosyal > Eğitim, Eğitim Araştırmaları",0.6262,Sosyal > Sosyal > Sosyoloji,0.5592,Sosyal > Sosyal > Sosyal Çalışma,0.5313,Sosyal > Sosyal > Antropoloji,0.5296,Sosyal > Sosyal > Siyasi Bilimler,0.5293
360,Sosyal > Sosyal > Uluslararası İlişkiler || Sosyal > Sosyal > İktisat,Sosyal > Sosyal > İktisat,0.5625,Sosyal > Sosyal > İşletme Finans,0.5485,Sosyal > Sosyal > Uluslararası İlişkiler,0.5375,Sosyal > Sosyal > Tarih,0.4838,Fen > Mühendislik > Taşınım Bilimi ve Teknolojisi,0.4829
362,Sosyal > Sosyal > Sosyal Çalışma || Sosyal > Sosyal > Sosyoloji || Sosyal > Sosyal > İktisat,Sosyal > Sosyal > İktisat,0.6338,Sosyal > Sosyal > Sosyal Çalışma,0.6334,Sosyal > Sosyal > Sosyoloji,0.6198,Sosyal > Sosyal > Nüfus İstatistikleri Bilimi,0.5807,Sosyal > Sosyal > Kamu Yönetimi,0.5664
366,Fen > Temel Bilimler > İstatistik ve Olasılık || Sosyal > Sosyal > Sosyal Çalışma || Sosyal > Sosyal > İktisat,Sosyal > Sosyal > Sosyal Çalışma,0.648,Sosyal > Sosyal > Kamu Yönetimi,0.6091,Sosyal > Sosyal > Sağlık Politikaları ve Hizmetleri,0.6088,Sosyal > Sosyal > İşletme Finans,0.5863,Sosyal > Sosyal > İktisat,0.5859
385,Fen > Mühendislik > Endüstri Mühendisliği || Sosyal > Sosyal > İşletme,Sosyal > Sosyal > İşletme,0.5967,Fen > Mühendislik > Taşınım Bilimi ve Teknolojisi,0.5347,"Sosyal > Sosyal > Bilgi, Belge Yönetimi",0.525,Sosyal > Sosyal > Halkla İlişkiler,0.5155,"Fen > Mühendislik > Bilgisayar Bilimleri, Bilgi Sistemleri",0.5142
388,Fen > Tıp > Onkoloji || Fen > Tıp > Patoloji || Fen > Tıp > Tıbbi Laboratuar Teknolojisi,Fen > Tıp > Transplantasyon,0.6265,Fen > Tıp > Enfeksiyon Hastalıkları,0.5871,Fen > Tıp > Onkoloji,0.5793,Fen > Tıp > İmmünoloji,0.5684,Fen > Tıp > Tıbbi Laboratuar Teknolojisi,0.5617
394,Fen > Tıp > Patoloji,Fen > Tıp > Fizyoloji,0.5211,Sosyal > Sosyal > Sağlık Politikaları ve Hizmetleri,0.5088,Sosyal > Sosyal > Hemşirelik,0.5056,Fen > Tıp > Halk ve Çevre Sağlığı,0.5039,Fen > Tıp > Sağlık Bilimleri ve Hizmetleri,0.4934
399,"Fen > Temel Bilimler > Matematik || Sosyal > Sosyal > Eğitim, Eğitim Araştırmaları || Sosyal > Sosyal > Psikoloji","Sosyal > Sosyal > Eğitim, Eğitim Araştırmaları",0.5837,Fen > Temel Bilimler > Matematik,0.5115,Sosyal > Sosyal > Davranış Bilimleri,0.5066,Sosyal > Sosyal > Psikoloji,0.4791,Sosyal > Sosyal > Aile Çalışmaları,0.4452
406,Fen > Tıp > Spor Bilimleri || Sosyal > Sosyal > Müzik || Sosyal > Sosyal > Psikoloji,Fen > Tıp > Spor Bilimleri,0.6042,Fen > Tıp > Fizyoloji,0.5686,Fen > Tıp > Rehabilitasyon,0.5445,Sosyal > Sosyal > Müzik,0.5422,Fen > Tıp > Psikiyatri,0.5326
414,Fen > Tıp > Solunum Sistemi || Fen > Tıp > Tıbbi Araştırmalar Deneysel,Fen > Tıp > Solunum Sistemi,0.6134,Fen > Tıp > Kalp ve Kalp Damar Sistemi,0.5902,Fen > Tıp > Periferik Damar Hastalıkları,0.5779,Fen > Tıp > Biyokimya ve Moleküler Biyoloji,0.5735,Fen > Tıp > Hücre Biyolojisi,0.5653
419,Sosyal > Sosyal > Hukuk,Fen > Tıp > Geriatri ve Gerontoloji,0.5944,Sosyal > Sosyal > Sosyal Çalışma,0.59,Sosyal > Sosyal > Sosyoloji,0.5611,Sosyal > Sosyal > İktisat,0.5315,Sosyal > Sosyal > Hukuk,0.5272
434,Fen > Tıp > Halk ve Çevre Sağlığı || Fen > Tıp > Kadın Hastalıkları ve Doğum || Fen > Tıp > Onkoloji,Fen > Tıp > Solunum Sistemi,0.5894,Fen > Tıp > Genel ve Dahili Tıp,0.566,Fen > Tıp > Kadın Hastalıkları ve Doğum,0.5435,Fen > Tıp > Acil Tıp,0.5414,Fen > Tıp > Temel Sağlık Hizmetleri,0.5269
456,Fen > Tıp > Cerrahi || Fen > Tıp > Kalp ve Kalp Damar Sistemi,Fen > Tıp > Kalp ve Kalp Damar Sistemi,0.6939,Fen > Tıp > Hematoloji,0.6851,Fen > Tıp > Cerrahi,0.6111,"Fen > Tıp > Yoğun Bakım, Tıp",0.6013,Fen > Tıp > Gastroenteroloji ve Hepatoloji,0.5997
461,Fen > Tıp > Cerrahi,Fen > Tıp > Cerrahi,0.5493,Fen > Tıp > Ortopedi,0.4936,Fen > Tıp > Enfeksiyon Hastalıkları,0.4926,Fen > Tıp > Solunum Sistemi,0.4863,"Fen > Tıp > Kulak, Burun, Boğaz",0.4812
470,Fen > Temel Bilimler > Mikroskopi || Fen > Tıp > Mikrobiyoloji,Fen > Tıp > Mikrobiyoloji,0.6119,Fen > Mühendislik > Gıda Bilimi ve Teknolojisi,0.5241,Fen > Temel Bilimler > Mantar Bilimi,0.5195,Fen > Tıp > Tropik Tıp,0.5173,Fen > Tıp > Pediatri,0.5112
480,Sosyal > Sosyal > Edebiyat || Sosyal > Sosyal > Kültürel Çalışmalar || Sosyal > Sosyal > Müzik,Sosyal > Sosyal > Müzik,0.6489,Sosyal > Sosyal > Kültürel Çalışmalar,0.6021,Sosyal > Sosyal > Antropoloji,0.5793,Sosyal > Sosyal > Folklor,0.5561,Sosyal > Sosyal > Sosyoloji,0.555
488,Fen > Tıp > Pediatri || Fen > Tıp > Psikiyatri,Fen > Tıp > Pediatri,0.6302,Fen > Tıp > Psikiyatri,0.624,Sosyal > Sosyal > Aile Çalışmaları,0.6103,Sosyal > Sosyal > Hemşirelik,0.6005,Fen > Tıp > Acil Tıp,0.5956
492,Fen > Tıp > Pediatri || Fen > Tıp > Sağlık Bilimleri ve Hizmetleri,Sosyal > Sosyal > Aile Çalışmaları,0.6869,Sosyal > Sosyal > Hemşirelik,0.6237,Sosyal > Sosyal > Sosyal Çalışma,0.6076,Sosyal > Sosyal > Psikoloji,0.6019,Fen > Tıp > Sağlık Bilimleri ve Hizmetleri,0.5862
495,Fen > Temel Bilimler > Viroloji || Fen > Tıp > Enfeksiyon Hastalıkları || Fen > Tıp > Nörolojik Bilimler || Fen > Tıp > Pediatri,Fen > Temel Bilimler > Viroloji,0.5386,Fen > Tıp > Tıbbi Laboratuar Teknolojisi,0.5114,Fen > Tıp > Enfeksiyon Hastalıkları,0.5047,Fen > Tıp > Pediatri,0.4979,Fen > Tıp > Kadın Hastalıkları ve Doğum,0.4885
502,Fen > Tıp > Tıbbi İnformatik || Sosyal > Sosyal > Kamu Yönetimi || Sosyal > Sosyal > Sağlık Politikaları ve Hizmetleri,Sosyal > Sosyal > Sağlık Politikaları ve Hizmetleri,0.7391,Sosyal > Sosyal > Hemşirelik,0.7079,Fen > Tıp > Sağlık Bilimleri ve Hizmetleri,0.6687,Fen > Tıp > Halk ve Çevre Sağlığı,0.6537,Fen > Tıp > Tıbbi İnformatik,0.6478
507,Sosyal > Sosyal > Siyasi Bilimler || Sosyal > Sosyal > İletişim,Sosyal > Sosyal > İletişim,0.6256,Sosyal > Sosyal > Sanat,0.5688,"Fen > Mühendislik > Bilgisayar Bilimleri, Sibernitik",0.5534,"Fen > Mühendislik > Bilgisayar Bilimleri, Yapay Zeka",0.5241,Sosyal > Sosyal > Halkla İlişkiler,0.5068
521,Fen > Tıp > Kadın Hastalıkları ve Doğum || Fen > Tıp > Sağlık Bilimleri ve Hizmetleri || Sosyal > Sosyal > Hemşirelik || Sosyal > Sosyal > Psikoloji,Sosyal > Sosyal > Aile Çalışmaları,0.6956,Fen > Tıp > Kadın Hastalıkları ve Doğum,0.6853,Sosyal > Sosyal > Psikoloji,0.6774,Fen > Tıp > Sağlık Bilimleri ve Hizmetleri,0.6731,Sosyal > Sosyal > Hemşirelik,0.671
523,Fen > Tıp > Halk ve Çevre Sağlığı || Fen > Tıp > Kadın Hastalıkları ve Doğum || Fen > Tıp > Sağlık Bilimleri ve Hizmetleri,Fen > Tıp > Sağlık Bilimleri ve Hizmetleri,0.7471,Fen > Tıp > Kadın Hastalıkları ve Doğum,0.7467,Sosyal > Sosyal > Hemşirelik,0.7073,Sosyal > Sosyal > Aile Çalışmaları,0.6895,Sosyal > Sosyal > Beslenme ve Diyetetik,0.6842
535,Sosyal > Sosyal > Din Bilimi || Sosyal > Sosyal > Psikoloji,Sosyal > Sosyal > Psikoloji,0.6814,Sosyal > Sosyal > Aile Çalışmaları,0.6122,Sosyal > Sosyal > Din Bilimi,0.5645,Sosyal > Sosyal > Sosyal Çalışma,0.5541,Fen > Tıp > Sağlık Bilimleri ve Hizmetleri,0.5449
537,Fen > Ziraat > Bitki Bilimleri || Fen > Ziraat > Ziraat Mühendisliği,Fen > Ziraat > Bitki Bilimleri,0.5624,Fen > Ziraat > Bahçe Bitkileri,0.5387,Fen > Ziraat > Ziraat Mühendisliği,0.5329,Fen > Tıp > Biyoteknoloji ve Uygulamalı Mikrobiyoloji,0.483,Fen > Temel Bilimler > Biyoloji,0.4756
541,"Fen > Mühendislik > Bilgisayar Bilimleri, Yapay Zeka || Fen > Temel Bilimler > Su Kaynakları || Fen > Ziraat > Ziraat Mühendisliği",Fen > Ziraat > Ziraat Mühendisliği,0.7502,Fen > Temel Bilimler > Su Kaynakları,0.6558,"Fen > Mühendislik > Bilgisayar Bilimleri, Yapay Zeka",0.6053,Fen > Mühendislik > Meteoroloji ve Atmosferik Bilimler,0.5987,Fen > Ziraat > Bitki Bilimleri,0.5961
543,Fen > Veterinerlik > Veterinerlik || Fen > Ziraat > Ziraat Mühendisliği,Fen > Mühendislik > Gıda Bilimi ve Teknolojisi,0.5532,Fen > Temel Bilimler > Balıkçılık,0.5106,Fen > Temel Bilimler > Limnoloji,0.4851,Fen > Temel Bilimler > Deniz ve Tatlı Su Biyolojisi,0.4816,Fen > Temel Bilimler > Spektroskopi,0.4628
544,Fen > Eczacılık > Toksikoloji || Fen > Temel Bilimler > Çevre Bilimleri || Fen > Ziraat > Ziraat Mühendisliği,Fen > Eczacılık > Toksikoloji,0.5853,Fen > Temel Bilimler > Entomoloji,0.5314,Fen > Ziraat > Bahçe Bitkileri,0.5266,Fen > Ziraat > Bitki Bilimleri,0.5094,Fen > Ziraat > Tarımsal Ekonomi ve Politika,0.4843
549,"Sosyal > Sosyal > Eğitim, Eğitim Araştırmaları || Sosyal > Sosyal > Kadın Araştırmaları || Sosyal > Sosyal > Sosyoloji",Sosyal > Sosyal > Kadın Araştırmaları,0.7426,Sosyal > Sosyal > Sosyoloji,0.6416,Sosyal > Sosyal > Kamu Yönetimi,0.6084,Sosyal > Sosyal > Sosyal Çalışma,0.5995,Sosyal > Sosyal > İktisat,0.5807
554,Sosyal > Sosyal > Psikoloji || Sosyal > Sosyal > Sosyoloji,Sosyal > Sosyal > Psikoloji,0.6833,Sosyal > Sosyal > Sosyoloji,0.6713,Sosyal > Sosyal > Aile Çalışmaları,0.6663,Sosyal > Sosyal > Sosyal Çalışma,0.6544,Fen > Tıp > Sağlık Bilimleri ve Hizmetleri,0.6384
563,Fen > Mühendislik > Orman Mühendisliği || Fen > Temel Bilimler > Su Kaynakları || Fen > Temel Bilimler > Çevre Bilimleri,Fen > Mühendislik > İnşaat Mühendisliği,0.5858,Fen > Mühendislik > Mimarlık,0.5606,Sosyal > Sosyal > Sağlık Politikaları ve Hizmetleri,0.559,Sosyal > Sosyal > İktisat,0.5586,Sosyal > Sosyal > Çevre Çalışmaları,0.5546
570,Fen > Temel Bilimler > Matematik || Sosyal > Sosyal > Madde Bağımlılığı,Fen > Temel Bilimler > Matematik,0.5545,Fen > Temel Bilimler > İstatistik ve Olasılık,0.5203,Fen > Tıp > Solunum Sistemi,0.4585,"Fen > Mühendislik > Bilgisayar Bilimleri, Yapay Zeka",0.4517,Fen > Tıp > Acil Tıp,0.4409
572,Fen > Temel Bilimler > Matematik,"Fen > Temel Bilimler > Fizik, Matematik",0.4091,Fen > Temel Bilimler > Matematik,0.3817,"Fen > Mühendislik > Bilgisayar Bilimleri, Donanım ve Mimari",0.3371,"Fen > Temel Bilimler > Fizik, Partiküller ve Alanlar",0.2951,Fen > Temel Bilimler > Balıkçılık,0.2875
589,"Fen > Mühendislik > Bilgisayar Bilimleri, Yazılım Mühendisliği || Sosyal > Sosyal > Hukuk",Sosyal > Sosyal > Hukuk,0.6276,Sosyal > Sosyal > Kriminoloji ve Ceza Bilimi,0.567,Fen > Tıp > Adli Tıp,0.4548,Fen > Mühendislik > Savunma Bilimleri,0.4369,"Fen > Mühendislik > Bilgisayar Bilimleri, Bilgi Sistemleri",0.4042
590,"Fen > Mühendislik > Bilgisayar Bilimleri, Bilgi Sistemleri || Fen > Mühendislik > Bilgisayar Bilimleri, Yazılım Mühendisliği","Fen > Mühendislik > Mühendislik, Elektrik ve Elektronik",0.543,"Fen > Mühendislik > Bilgisayar Bilimleri, Bilgi Sistemleri",0.5297,Fen > Mühendislik > Telekomünikasyon,0.5251,Fen > Mühendislik > Endüstri Mühendisliği,0.5227,"Fen > Mühendislik > Bilgisayar Bilimleri, Yazılım Mühendisliği",0.5212
593,"Fen > Mühendislik > Bilgisayar Bilimleri, Yapay Zeka || Fen > Mühendislik > Bilgisayar Bilimleri, Yazılım Mühendisliği || Fen > Temel Bilimler > İstatistik ve Olasılık","Fen > Mühendislik > Bilgisayar Bilimleri, Yapay Zeka",0.4476,"Fen > Mühendislik > Bilgisayar Bilimleri, Bilgi Sistemleri",0.4243,"Fen > Mühendislik > Bilgisayar Bilimleri, Sibernitik",0.3881,Fen > Tıp > Tıbbi İnformatik,0.3792,Fen > Temel Bilimler > İstatistik ve Olasılık,0.3699
594,"Fen > Mühendislik > Bilgisayar Bilimleri, Yazılım Mühendisliği || Sosyal > Sosyal > Müzik",Sosyal > Sosyal > Müzik,0.5869,Sosyal > Sosyal > Sanat,0.5175,Fen > Temel Bilimler > Akustik,0.4863,"Fen > Mühendislik > Bilgisayar Bilimleri, Yapay Zeka",0.4835,Fen > Mühendislik > Savunma Bilimleri,0.4553
596,"Fen > Mühendislik > Bilgisayar Bilimleri, Bilgi Sistemleri || Fen > Mühendislik > Bilgisayar Bilimleri, Yazılım Mühendisliği","Fen > Mühendislik > Bilgisayar Bilimleri, Bilgi Sistemleri",0.4329,"Fen > Mühendislik > Bilgisayar Bilimleri, Sibernitik",0.4085,"Fen > Mühendislik > Bilgisayar Bilimleri, Yapay Zeka",0.3858,"Fen > Mühendislik > Bilgisayar Bilimleri, Teori ve Metotlar",0.3626,"Fen > Mühendislik > Bilgisayar Bilimleri, Donanım ve Mimari",0.3519
623,"Fen > Tıp > Sağlık Bilimleri ve Hizmetleri || Sosyal > Sosyal > Eğitim, Eğitim Araştırmaları || Sosyal > Sosyal > Hemşirelik",Fen > Tıp > Sağlık Bilimleri ve Hizmetleri,0.724,"Sosyal > Sosyal > Eğitim, Eğitim Araştırmaları",0.6946,Sosyal > Sosyal > Hemşirelik,0.693,Fen > Tıp > Halk ve Çevre Sağlığı,0.646,Fen > Tıp > Kadın Hastalıkları ve Doğum,0.641
636,Fen > Tıp > Klinik Nöroloji || Fen > Tıp > Nörolojik Bilimler,Sosyal > Sosyal > Kadın Araştırmaları,0.5316,Fen > Tıp > Sağlık Bilimleri ve Hizmetleri,0.5272,Fen > Tıp > Halk ve Çevre Sağlığı,0.5222,Fen > Tıp > Geriatri ve Gerontoloji,0.5068,Fen > Tıp > Kalp ve Kalp Damar Sistemi,0.5035
643,Sosyal > Sosyal > Dil ve Dil Bilim || Sosyal > Sosyal > İletişim,"Sosyal > Sosyal > Bilgi, Belge Yönetimi",0.7355,Sosyal > Sosyal > İletişim,0.6861,Sosyal > Sosyal > Sosyoloji,0.6559,Sosyal > Sosyal > Halkla İlişkiler,0.6437,Sosyal > Sosyal > İşletme,0.6183
646,"Sosyal > Sosyal > Dil ve Dil Bilim || Sosyal > Sosyal > Eğitim, Eğitim Araştırmaları",Sosyal > Sosyal > Dil ve Dil Bilim,0.6066,"Sosyal > Sosyal > Eğitim, Eğitim Araştırmaları",0.5106,Sosyal > Sosyal > Kültürel Çalışmalar,0.4502,Sosyal > Sosyal > Antropoloji,0.441,Fen > Tıp > Odyoloji ve Konuşma-Dil Patolojisi,0.4308
652,"Fen > Mühendislik > Yeşil, Sürdürülebilir Bilim ve Teknoloji || Fen > Tıp > Halk ve Çevre Sağlığı || Sosyal > Sosyal > Sosyal Çalışma",Sosyal > Sosyal > Çevre Çalışmaları,0.5115,Sosyal > Sosyal > Sağlık Politikaları ve Hizmetleri,0.5055,Sosyal > Sosyal > Sosyal Çalışma,0.4584,Sosyal > Sosyal > İktisat,0.4494,Sosyal > Sosyal > Sosyoloji,0.4437
653,Fen > Tıp > Halk ve Çevre Sağlığı || Sosyal > Sosyal > Madde Bağımlılığı,Sosyal > Sosyal > Madde Bağımlılığı,0.6871,Fen > Tıp > Halk ve Çevre Sağlığı,0.6083,Fen > Tıp > Solunum Sistemi,0.607,Sosyal > Sosyal > Hemşirelik,0.5903,Fen > Tıp > Sağlık Bilimleri ve Hizmetleri,0.5841
666,"Fen > Mühendislik > Gıda Bilimi ve Teknolojisi || Fen > Temel Bilimler > Kimya, Analitik || Fen > Temel Bilimler > Spektroskopi","Fen > Temel Bilimler > Kimya, Analitik",0.6511,"Fen > Temel Bilimler > Kimya, Uygulamalı",0.5947,Fen > Mühendislik > Nanobilim ve Nanoteknoloji,0.5843,Fen > Temel Bilimler > Spektroskopi,0.5833,Fen > Temel Bilimler > Biyoloji,0.5515
684,Fen > Mühendislik > Taşınım Bilimi ve Teknolojisi || Fen > Temel Bilimler > İstatistik ve Olasılık,Fen > Mühendislik > Taşınım Bilimi ve Teknolojisi,0.5328,Fen > Mühendislik > Endüstri Mühendisliği,0.4323,"Fen > Mühendislik > Mühendislik, Makine",0.3942,Fen > Temel Bilimler > İstatistik ve Olasılık,0.3861,"Fen > Mühendislik > Bilgisayar Bilimleri, Yazılım Mühendisliği",0.3687
707,Sosyal > Sosyal > Antropoloji || Sosyal > Sosyal > Beşeri Bilimler || Sosyal > Sosyal > Sanat,Sosyal > Sosyal > Arkeoloji,0.5512,Sosyal > Sosyal > Tarih,0.5285,Fen > Mühendislik > Mimarlık,0.4888,Sosyal > Sosyal > Ortaçağ ve Rönesans Çalışmaları,0.487,Sosyal > Sosyal > Folklor,0.4815
710,"Fen > Mühendislik > Bilgisayar Bilimleri, Teori ve Metotlar || Sosyal > Sosyal > Beşeri Bilimler || Sosyal > Sosyal > Tiyatro",Sosyal > Sosyal > İletişim,0.6649,Sosyal > Sosyal > Tiyatro,0.6566,Sosyal > Sosyal > Edebiyat,0.643,Sosyal > Sosyal > Folklor,0.6184,Sosyal > Sosyal > Sosyoloji,0.6115
712,Sosyal > Sosyal > Beşeri Bilimler || Sosyal > Sosyal > Edebiyat,Sosyal > Sosyal > Edebi Teori ve Eleştiri,0.4816,Sosyal > Sosyal > Edebiyat,0.4782,Sosyal > Sosyal > Beşeri Bilimler,0.4702,Sosyal > Sosyal > Sosyoloji,0.4403,Sosyal > Sosyal > Kentsel Çalışmalar,0.4289
721,Sosyal > Sosyal > Dil ve Dil Bilim || Sosyal > Sosyal > Edebi Teori ve Eleştiri || Sosyal > Sosyal > Edebiyat,Sosyal > Sosyal > Dil ve Dil Bilim,0.5592,Sosyal > Sosyal > Edebiyat,0.5551,Sosyal > Sosyal > Bilim Felsefesi ve Tarihi,0.5177,Sosyal > Sosyal > Mantık,0.5084,Sosyal > Sosyal > Edebi Teori ve Eleştiri,0.5079
722,Sosyal > Sosyal > Dil ve Dil Bilim || Sosyal > Sosyal > Edebi Teori ve Eleştiri || Sosyal > Sosyal > Edebiyat,Sosyal > Sosyal > Dil ve Dil Bilim,0.5225,Sosyal > Sosyal > Edebiyat,0.5045,Sosyal > Sosyal > Edebi Teori ve Eleştiri,0.4825,Sosyal > Sosyal > Bilim Felsefesi ve Tarihi,0.4714,"Sosyal > Sosyal > Bilgi, Belge Yönetimi",0.4554
724,Sosyal > Sosyal > Edebi Teori ve Eleştiri || Sosyal > Sosyal > Edebiyat,Sosyal > Sosyal > Edebi Teori ve Eleştiri,0.5279,Sosyal > Sosyal > Edebiyat,0.4959,Sosyal > Sosyal > Çevre Çalışmaları,0.485,Sosyal > Sosyal > Beşeri Bilimler,0.469,Sosyal > Sosyal > Tiyatro,0.4604
734,Fen > Tıp > Cerrahi || Fen > Tıp > Göz Hastalıkları,Fen > Tıp > Göz Hastalıkları,0.6416,Fen > Tıp > Anestezi,0.5365,"Fen > Tıp > Kulak, Burun, Boğaz",0.5343,Fen > Tıp > Klinik Nöroloji,0.5285,Fen > Tıp > Cerrahi,0.5244
736,Fen > Temel Bilimler > Optik || Fen > Tıp > Göz Hastalıkları,Fen > Tıp > Göz Hastalıkları,0.4966,Fen > Temel Bilimler > Optik,0.4906,Fen > Temel Bilimler > Mikroskopi,0.419,Sosyal > Sosyal > İşletme,0.4009,"Fen > Mühendislik > Bilgisayar Bilimleri, Yazılım Mühendisliği",0.3983
745,Sosyal > Sosyal > Sanat || Sosyal > Sosyal > İletişim,Fen > Mühendislik > Mimarlık,0.5887,Sosyal > Sosyal > Sanat,0.5311,Sosyal > Sosyal > Çevre Çalışmaları,0.5302,"Sosyal > Sosyal > Eğitim, Eğitim Araştırmaları",0.5178,Sosyal > Sosyal > Kentsel Çalışmalar,0.506
748,Fen > Ziraat > Tarımsal Ekonomi ve Politika || Sosyal > Sosyal > Uluslararası İlişkiler,Sosyal > Sosyal > Halkla İlişkiler,0.7133,Sosyal > Sosyal > Uluslararası İlişkiler,0.677,Sosyal > Sosyal > Siyasi Bilimler,0.6304,Sosyal > Sosyal > İktisat,0.599,Fen > Ziraat > Tarımsal Ekonomi ve Politika,0.5765
752,Sosyal > Sosyal > Halkla İlişkiler || Sosyal > Sosyal > Uluslararası İlişkiler || Sosyal > Sosyal > İletişim,Sosyal > Sosyal > Uluslararası İlişkiler,0.611,Sosyal > Sosyal > Siyasi Bilimler,0.559,Sosyal > Sosyal > Halkla İlişkiler,0.5433,Fen > Mühendislik > Savunma Bilimleri,0.5389,Sosyal > Sosyal > Tarih,0.5217
762,"Fen > Temel Bilimler > Kimya, Organik || Fen > Temel Bilimler > Kimya, Tıbbi","Fen > Temel Bilimler > Kimya, Organik",0.7221,"Fen > Temel Bilimler > Kimya, Uygulamalı",0.6963,"Fen > Temel Bilimler > Kimya, Analitik",0.6584,"Fen > Temel Bilimler > Kimya, Tıbbi",0.6474,Fen > Temel Bilimler > Spektroskopi,0.6358
763,"Fen > Eczacılık > Farmakoloji ve Eczacılık || Fen > Temel Bilimler > Kimya, Tıbbi || Fen > Tıp > Biyokimya ve Moleküler Biyoloji || Fen > Tıp > Onkoloji","Fen > Temel Bilimler > Kimya, Tıbbi",0.7226,Fen > Eczacılık > Farmakoloji ve Eczacılık,0.6821,Fen > Tıp > Onkoloji,0.6551,Fen > Tıp > Biyokimya ve Moleküler Biyoloji,0.6466,"Fen > Temel Bilimler > Kimya, Organik",0.5869
764,"Fen > Eczacılık > Farmakoloji ve Eczacılık || Fen > Temel Bilimler > Kimya, Tıbbi || Fen > Tıp > Onkoloji",Fen > Tıp > Onkoloji,0.6091,Fen > Tıp > Hücre Biyolojisi,0.5473,Fen > Tıp > Biyokimya ve Moleküler Biyoloji,0.5382,Fen > Temel Bilimler > Biyoloji,0.5267,Fen > Eczacılık > Farmakoloji ve Eczacılık,0.5161
776,Sosyal > Sosyal > Felsefe || Sosyal > Sosyal > İletişim,Sosyal > Sosyal > İletişim,0.68,Sosyal > Sosyal > Halkla İlişkiler,0.6515,Sosyal > Sosyal > Sanat,0.6001,Sosyal > Sosyal > Kültürel Çalışmalar,0.5846,Sosyal > Sosyal > İşletme,0.576
790,Sosyal > Sosyal > Folklor,Sosyal > Sosyal > Folklor,0.6364,Sosyal > Sosyal > Din Bilimi,0.5898,Sosyal > Sosyal > Edebiyat,0.5686,Sosyal > Sosyal > Tarih,0.5674,Sosyal > Sosyal > Arkeoloji,0.559
796,Sosyal > Sosyal > Folklor,Sosyal > Sosyal > Folklor,0.5882,Sosyal > Sosyal > Kültürel Çalışmalar,0.5274,Sosyal > Sosyal > Tarih,0.4864,Sosyal > Sosyal > Coğrafya,0.4842,Sosyal > Sosyal > Arkeoloji,0.4812
800,"Fen > Mühendislik > Malzeme Bilimleri, Tekstil || Fen > Mühendislik > Mimarlık || Fen > Mühendislik > İnşaat Mühendisliği",Fen > Mühendislik > İnşaat ve Yapı Teknolojisi,0.5889,Fen > Mühendislik > İnşaat Mühendisliği,0.5383,"Fen > Mühendislik > Yeşil, Sürdürülebilir Bilim ve Teknoloji",0.5291,"Fen > Mühendislik > Malzeme Bilimleri, Kompozitler",0.5165,Fen > Mühendislik > Polimer Bilimi,0.5146
805,Fen > Mühendislik > İnşaat Mühendisliği || Fen > Mühendislik > İnşaat ve Yapı Teknolojisi,Fen > Mühendislik > İnşaat Mühendisliği,0.6672,Fen > Mühendislik > İnşaat ve Yapı Teknolojisi,0.6026,"Fen > Mühendislik > Mühendislik, Makine",0.5692,"Fen > Mühendislik > Mühendislik, Jeoloji",0.5206,"Fen > Mühendislik > Mühendislik, Elektrik ve Elektronik",0.4974
808,"Sosyal > Sosyal > Coğrafya || Sosyal > Sosyal > Otelcilik, Konaklama, Spor ve Turizm",Sosyal > Sosyal > Coğrafya,0.5884,Fen > Temel Bilimler > Ekoloji,0.5658,Sosyal > Sosyal > Çevre Çalışmaları,0.5576,Fen > Mühendislik > Mimarlık,0.5465,Fen > Temel Bilimler > Biyoloji Çeşitliliğinin Korunması,0.5385
809,"Fen > Tıp > Spor Bilimleri || Sosyal > Sosyal > Otelcilik, Konaklama, Spor ve Turizm",Fen > Tıp > Spor Bilimleri,0.5991,Sosyal > Sosyal > Psikoloji,0.5853,Sosyal > Sosyal > Davranış Bilimleri,0.5536,"Sosyal > Sosyal > Otelcilik, Konaklama, Spor ve Turizm",0.5519,Sosyal > Sosyal > Çevre Çalışmaları,0.5518
811,"Fen > Tıp > Spor Bilimleri || Sosyal > Sosyal > Otelcilik, Konaklama, Spor ve Turizm",Fen > Tıp > Spor Bilimleri,0.5846,Fen > Tıp > Rehabilitasyon,0.4789,Sosyal > Sosyal > Psikoloji,0.4467,Fen > Tıp > Fizyoloji,0.4459,Fen > Tıp > Psikiyatri,0.4213
812,"Sosyal > Sosyal > Otelcilik, Konaklama, Spor ve Turizm",Sosyal > Sosyal > Uluslararası İlişkiler,0.6089,Sosyal > Sosyal > Siyasi Bilimler,0.603,Sosyal > Sosyal > İktisat,0.5987,Sosyal > Sosyal > Tarih,0.5937,"Sosyal > Sosyal > Otelcilik, Konaklama, Spor ve Turizm",0.5797
814,"Fen > Tıp > Spor Bilimleri || Sosyal > Sosyal > Otelcilik, Konaklama, Spor ve Turizm",Fen > Tıp > Spor Bilimleri,0.586,Sosyal > Sosyal > Davranış Bilimleri,0.5787,Sosyal > Sosyal > Psikoloji,0.5626,Sosyal > Sosyal > İletişim,0.5467,"Sosyal > Sosyal > Eğitim, Eğitim Araştırmaları",0.5139
815,"Fen > Mühendislik > Gıda Bilimi ve Teknolojisi || Fen > Mühendislik > Mimarlık || Sosyal > Sosyal > Otelcilik, Konaklama, Spor ve Turizm",Sosyal > Sosyal > Kentsel Çalışmalar,0.6396,Fen > Mühendislik > Mimarlık,0.5938,Sosyal > Sosyal > Coğrafya,0.5867,Sosyal > Sosyal > Kültürel Çalışmalar,0.5527,Sosyal > Sosyal > Antropoloji,0.5326
816,"Sosyal > Sosyal > Otelcilik, Konaklama, Spor ve Turizm || Sosyal > Sosyal > Sanat",Sosyal > Sosyal > Kültürel Çalışmalar,0.5892,Sosyal > Sosyal > Folklor,0.5741,Sosyal > Sosyal > Antropoloji,0.5515,Sosyal > Sosyal > Asya Çalışmaları,0.5443,Sosyal > Sosyal > Edebiyat,0.5421
822,"Fen > Tıp > Endokrinoloji ve Metabolizma || Fen > Tıp > Kulak, Burun, Boğaz",Fen > Tıp > Endokrinoloji ve Metabolizma,0.6102,Fen > Tıp > Gastroenteroloji ve Hepatoloji,0.5823,Fen > Tıp > Acil Tıp,0.5766,Fen > Tıp > Solunum Sistemi,0.5412,Fen > Tıp > Kalp ve Kalp Damar Sistemi,0.5133
846,Fen > Tıp > Psikiyatri || Fen > Tıp > Sağlık Bilimleri ve Hizmetleri || Sosyal > Sosyal > Psikoloji,Fen > Tıp > Psikiyatri,0.6555,Sosyal > Sosyal > Psikoloji,0.6502,Fen > Tıp > Fizyoloji,0.6375,Sosyal > Sosyal > Hemşirelik,0.6323,Fen > Tıp > Sağlık Bilimleri ve Hizmetleri,0.6154
857,Fen > Temel Bilimler > Genetik ve Kalıtım || Fen > Ziraat > Bitki Bilimleri || Sosyal > Sosyal > Arkeoloji,Fen > Ziraat > Bitki Bilimleri,0.5989,Fen > Temel Bilimler > Genetik ve Kalıtım,0.5885,Fen > Temel Bilimler > Paleontoloji,0.541,Fen > Tıp > Biyoteknoloji ve Uygulamalı Mikrobiyoloji,0.5119,Fen > Ziraat > Bahçe Bitkileri,0.5077
866,Fen > Temel Bilimler > Mineraloji || Sosyal > Sosyal > Arkeoloji || Sosyal > Sosyal > Sanat,Sosyal > Sosyal > Sanat,0.5158,Sosyal > Sosyal > Arkeoloji,0.5154,Sosyal > Sosyal > Tarih,0.5048,"Fen > Mühendislik > Malzeme Bilimleri, Seramik",0.5009,Fen > Mühendislik > Mimarlık,0.4893
883,Sosyal > Sosyal > Çevre Çalışmaları || Sosyal > Sosyal > İşletme,Sosyal > Sosyal > Çevre Çalışmaları,0.6432,Sosyal > Sosyal > İşletme,0.6056,Sosyal > Sosyal > Halkla İlişkiler,0.6038,Sosyal > Sosyal > İletişim,0.5378,Sosyal > Sosyal > İktisat,0.5115
897,"Fen > Mühendislik > Malzeme Bilimleri, Kâğıt ve Ahşap || Fen > Mühendislik > Malzeme Bilimleri, Özellik ve Test || Fen > Mühendislik > Orman Mühendisliği","Fen > Mühendislik > Malzeme Bilimleri, Kâğıt ve Ahşap",0.6393,"Fen > Mühendislik > Malzeme Bilimleri, Kompozitler",0.622,Fen > Mühendislik > İnşaat Mühendisliği,0.6146,Fen > Mühendislik > Orman Mühendisliği,0.6016,"Fen > Mühendislik > Mühendislik, Elektrik ve Elektronik",0.5814
900,"Fen > Mühendislik > Malzeme Bilimleri, Özellik ve Test || Fen > Mühendislik > Nanobilim ve Nanoteknoloji",Fen > Mühendislik > Nanobilim ve Nanoteknoloji,0.6169,"Fen > Mühendislik > Malzeme Bilimleri, Özellik ve Test",0.5974,"Fen > Mühendislik > Malzeme Bilimleri, Tekstil",0.5935,"Fen > Mühendislik > Malzeme Bilimleri, Kaplamalar ve Filmler",0.5631,"Fen > Mühendislik > Malzeme Bilimleri, Kompozitler",0.5379
912,"Fen > Mühendislik > Mühendislik, Elektrik ve Elektronik || Fen > Mühendislik > Yeşil, Sürdürülebilir Bilim ve Teknoloji",Fen > Mühendislik > Endüstri Mühendisliği,0.44,Sosyal > Sosyal > Kentsel Çalışmalar,0.4394,"Fen > Mühendislik > Yeşil, Sürdürülebilir Bilim ve Teknoloji",0.4373,Sosyal > Sosyal > Kamu Yönetimi,0.4309,Sosyal > Sosyal > İşletme,0.4246
921,Fen > Tıp > Ortopedi,Fen > Tıp > Ortopedi,0.553,Fen > Tıp > Cerrahi,0.5417,Fen > Tıp > Rehabilitasyon,0.5319,Fen > Tıp > Anatomi ve Morfoloji,0.4865,Fen > Tıp > Kalp ve Kalp Damar Sistemi,0.4602
933,Fen > Temel Bilimler > Entomoloji || Fen > Tıp > Biyoteknoloji ve Uygulamalı Mikrobiyoloji || Fen > Ziraat > Bitki Bilimleri,Fen > Temel Bilimler > Entomoloji,0.6412,Fen > Temel Bilimler > Parazitoloji,0.6172,Fen > Temel Bilimler > Mantar Bilimi,0.6115,Fen > Ziraat > Bitki Bilimleri,0.6102,Fen > Ziraat > Bahçe Bitkileri,0.6023
952,"Fen > Mühendislik > Bilgisayar Bilimleri, Yapay Zeka || Fen > Tıp > Radyoloji, Nükleer Tıp, Tıbbi Görüntüleme","Fen > Mühendislik > Bilgisayar Bilimleri, Yapay Zeka",0.5725,"Fen > Mühendislik > Mühendislik, Biyotıp",0.5425,"Fen > Mühendislik > Bilgisayar Bilimleri, Yazılım Mühendisliği",0.5416,"Fen > Mühendislik > Bilgisayar Bilimleri, Teori ve Metotlar",0.5381,"Fen > Mühendislik > Bilgisayar Bilimleri, Sibernitik",0.5093
955,"Fen > Tıp > Klinik Nöroloji || Fen > Tıp > Radyoloji, Nükleer Tıp, Tıbbi Görüntüleme",Fen > Tıp > Kalp ve Kalp Damar Sistemi,0.619,Fen > Tıp > Periferik Damar Hastalıkları,0.6113,Fen > Tıp > Cerrahi,0.5767,Fen > Tıp > Hematoloji,0.5627,Fen > Tıp > Solunum Sistemi,0.5418
965,Fen > Temel Bilimler > Genetik ve Kalıtım || Fen > Tıp > Biyokimya ve Moleküler Biyoloji || Fen > Tıp > Pediatri,Fen > Tıp > Tıbbi Laboratuar Teknolojisi,0.6107,Fen > Tıp > Pediatri,0.6019,Fen > Temel Bilimler > Genetik ve Kalıtım,0.5781,Fen > Tıp > Endokrinoloji ve Metabolizma,0.5399,Fen > Tıp > Nörolojik Bilimler,0.526
972,Fen > Tıp > Üroloji ve Nefroloji,Fen > Tıp > Tıbbi Araştırmalar Deneysel,0.6638,Fen > Tıp > Androloji,0.6383,Fen > Tıp > Biyokimya ve Moleküler Biyoloji,0.6052,Fen > Eczacılık > Farmakoloji ve Eczacılık,0.5604,Fen > Tıp > Hücre Biyolojisi,0.5413
979,Sosyal > Sosyal > Davranış Bilimleri || Sosyal > Sosyal > İşletme,Sosyal > Sosyal > Davranış Bilimleri,0.5807,Sosyal > Sosyal > İşletme,0.5623,Sosyal > Sosyal > Psikoloji,0.5161,Sosyal > Sosyal > Sosyoloji,0.4731,Sosyal > Sosyal > Kültürel Çalışmalar,0.4491
983,Sosyal > Sosyal > Davranış Bilimleri || Sosyal > Sosyal > Madde Bağımlılığı || Sosyal > Sosyal > İletişim,Sosyal > Sosyal > Psikoloji,0.6922,Sosyal > Sosyal > Sosyal Çalışma,0.6796,Sosyal > Sosyal > Madde Bağımlılığı,0.6794,Sosyal > Sosyal > İletişim,0.6696,Sosyal > Sosyal > Aile Çalışmaları,0.6368
984,Sosyal > Sosyal > Davranış Bilimleri || Sosyal > Sosyal > Psikoloji,Sosyal > Sosyal > Sosyoloji,0.7052,Sosyal > Sosyal > Davranış Bilimleri,0.6785,Sosyal > Sosyal > İşletme,0.6667,Sosyal > Sosyal > İletişim,0.655,Sosyal > Sosyal > Sosyal Çalışma,0.6508
987,Fen > Tıp > Acil Tıp || Fen > Tıp > Geriatri ve Gerontoloji,Fen > Tıp > Acil Tıp,0.6145,"Fen > Tıp > Yoğun Bakım, Tıp",0.5889,Fen > Tıp > Hematoloji,0.5862,Fen > Tıp > Gastroenteroloji ve Hepatoloji,0.5801,Fen > Tıp > Cerrahi,0.554
993,Fen > Eczacılık > Toksikoloji || Fen > Tıp > Acil Tıp,Fen > Eczacılık > Toksikoloji,0.5299,Fen > Temel Bilimler > Biyoloji,0.4703,Fen > Eczacılık > Farmakoloji ve Eczacılık,0.4685,"Fen > Temel Bilimler > Kimya, Uygulamalı",0.4301,Fen > Tıp > Dermatoloji,0.4212
995,"Fen > Tıp > Acil Tıp || Sosyal > Sosyal > Eğitim, Eğitim Araştırmaları","Sosyal > Sosyal > Eğitim, Eğitim Araştırmaları",0.6439,Fen > Tıp > Sağlık Bilimleri ve Hizmetleri,0.5955,Sosyal > Sosyal > Hemşirelik,0.5772,Fen > Tıp > Odyoloji ve Konuşma-Dil Patolojisi,0.5677,Fen > Tıp > Fizyoloji,0.5675
1005,"Fen > Mühendislik > Bilgisayar Bilimleri, Yapay Zeka || Sosyal > Sosyal > Sanat","Fen > Mühendislik > Bilgisayar Bilimleri, Yapay Zeka",0.6239,"Fen > Mühendislik > Bilgisayar Bilimleri, Sibernitik",0.6059,"Fen > Mühendislik > Bilgisayar Bilimleri, Yazılım Mühendisliği",0.5846,Sosyal > Sosyal > Sanat,0.5684,"Fen > Mühendislik > Bilgisayar Bilimleri, Teori ve Metotlar",0.5532
1009,"Fen > Mühendislik > Bilgisayar Bilimleri, Yapay Zeka || Sosyal > Sosyal > Eğitim, Eğitim Araştırmaları","Sosyal > Sosyal > Eğitim, Eğitim Araştırmaları",0.707,Sosyal > Sosyal > Davranış Bilimleri,0.6465,Fen > Tıp > Sağlık Bilimleri ve Hizmetleri,0.6139,Sosyal > Sosyal > Psikoloji,0.6107,"Fen > Mühendislik > Bilgisayar Bilimleri, Yapay Zeka",0.586
1015,"Fen > Mühendislik > Bilgisayar Bilimleri, Yapay Zeka || Fen > Mühendislik > Gıda Bilimi ve Teknolojisi","Fen > Mühendislik > Bilgisayar Bilimleri, Yapay Zeka",0.5609,Fen > Tıp > Tıbbi İnformatik,0.5218,"Fen > Mühendislik > Bilgisayar Bilimleri, Yazılım Mühendisliği",0.5169,"Fen > Mühendislik > Mühendislik, Biyotıp",0.5137,Fen > Temel Bilimler > Çevre Bilimleri,0.5114
1019,Fen > Tıp > Dermatoloji,Fen > Tıp > Romatoloji,0.5991,Fen > Tıp > İmmünoloji,0.5872,Fen > Tıp > Endokrinoloji ve Metabolizma,0.5384,Fen > Tıp > Solunum Sistemi,0.5368,Fen > Tıp > Gastroenteroloji ve Hepatoloji,0.5311
1021,Fen > Tıp > Dermatoloji,Fen > Tıp > Halk ve Çevre Sağlığı,0.5379,Sosyal > Sosyal > Nüfus İstatistikleri Bilimi,0.5165,Fen > Tıp > Tamamlayıcı ve Entegre Tıp,0.5116,"Sosyal > Sosyal > Bilgi, Belge Yönetimi",0.5059,Sosyal > Sosyal > İşletme,0.5043
1022,Fen > Tıp > Biyokimya ve Moleküler Biyoloji || Fen > Tıp > Dermatoloji,Fen > Tıp > Dermatoloji,0.5343,Fen > Tıp > Biyokimya ve Moleküler Biyoloji,0.5324,Fen > Eczacılık > Farmakoloji ve Eczacılık,0.5062,"Fen > Mühendislik > Malzeme Bilimleri, Biyomalzemeler",0.4801,Fen > Temel Bilimler > Biyoloji,0.4762
1024,Fen > Temel Bilimler > Mantar Bilimi || Fen > Temel Bilimler > Parazitoloji || Fen > Tıp > Dermatoloji,Fen > Temel Bilimler > Parazitoloji,0.6576,Fen > Temel Bilimler > Entomoloji,0.6356,Fen > Temel Bilimler > Mantar Bilimi,0.6089,Fen > Tıp > Mikrobiyoloji,0.6005,Fen > Tıp > Pediatri,0.5748
1031,"Fen > Mühendislik > Metalürji Mühendisliği || Fen > Mühendislik > Mühendislik, Makine || Fen > Mühendislik > Taşınım Bilimi ve Teknolojisi",Fen > Mühendislik > Taşınım Bilimi ve Teknolojisi,0.677,"Fen > Mühendislik > Mühendislik, Makine",0.6087,Fen > Mühendislik > Metalürji Mühendisliği,0.5734,"Fen > Mühendislik > Malzeme Bilimleri, Özellik ve Test",0.5411,Fen > Mühendislik > İnşaat Mühendisliği,0.5315
1033,"Fen > Mühendislik > Mühendislik, Makine || Fen > Temel Bilimler > Matematik","Fen > Mühendislik > Mühendislik, Elektrik ve Elektronik",0.5581,Fen > Mühendislik > Telekomünikasyon,0.4959,Fen > Temel Bilimler > Akustik,0.4737,"Fen > Temel Bilimler > Kimya, Analitik",0.4725,Fen > Temel Bilimler > Optik,0.4635
1034,"Fen > Mühendislik > Mühendislik, Makine || Fen > Mühendislik > Nanobilim ve Nanoteknoloji","Fen > Mühendislik > Mühendislik, Makine",0.5674,Fen > Mühendislik > Nanobilim ve Nanoteknoloji,0.555,"Fen > Mühendislik > Malzeme Bilimleri, Özellik ve Test",0.5362,"Fen > Mühendislik > Malzeme Bilimleri, Kaplamalar ve Filmler",0.5327,"Fen > Mühendislik > Mühendislik, Kimya",0.5323
1049,"Fen > Mühendislik > Malzeme Bilimleri, Kaplamalar ve Filmler || Fen > Mühendislik > Mühendislik, Elektrik ve Elektronik || Fen > Temel Bilimler > Fizik, Uygulamalı","Fen > Mühendislik > Malzeme Bilimleri, Kaplamalar ve Filmler",0.6734,"Fen > Temel Bilimler > Fizik, Katı Hal",0.6493,Fen > Temel Bilimler > Optik,0.6179,Fen > Mühendislik > Nanobilim ve Nanoteknoloji,0.5865,"Fen > Mühendislik > Malzeme Bilimleri, Özellik ve Test",0.5731
1051,"Fen > Temel Bilimler > Fizik, Katı Hal || Fen > Temel Bilimler > Fizik, Uygulamalı || Fen > Temel Bilimler > Optik","Fen > Temel Bilimler > Fizik, Katı Hal",0.5943,Fen > Temel Bilimler > Optik,0.5864,"Fen > Temel Bilimler > Fizik, Uygulamalı",0.512,"Fen > Temel Bilimler > Fizik, Atomik ve Moleküler Kimya",0.4637,"Fen > Temel Bilimler > Fizik, Partiküller ve Alanlar",0.4437
1052,"Fen > Mühendislik > Mühendislik, Elektrik ve Elektronik || Fen > Temel Bilimler > Fizik, Uygulamalı",Fen > Mühendislik > Nükleer Bilim ve Teknolojisi,0.5143,"Fen > Temel Bilimler > Fizik, Nükleer",0.5095,"Fen > Temel Bilimler > Fizik, Uygulamalı",0.4997,Fen > Temel Bilimler > Fizikokimya,0.493,"Fen > Mühendislik > Mühendislik, Elektrik ve Elektronik",0.4916
1054,"Fen > Temel Bilimler > Fizik, Uygulamalı || Fen > Temel Bilimler > Optik",Fen > Temel Bilimler > Mikroskopi,0.505,Fen > Mühendislik > Nanobilim ve Nanoteknoloji,0.4837,Fen > Temel Bilimler > Optik,0.4808,"Fen > Temel Bilimler > Fizik, Atomik ve Moleküler Kimya",0.4792,"Fen > Mühendislik > Malzeme Bilimleri, Kaplamalar ve Filmler",0.4581
1059,Sosyal > Sosyal > Coğrafya || Sosyal > Sosyal > Çevre Çalışmaları,Fen > Tıp > Sağlık Bilimleri ve Hizmetleri,0.6547,Fen > Tıp > Halk ve Çevre Sağlığı,0.6253,Sosyal > Sosyal > Sosyoloji,0.5836,Sosyal > Sosyal > Sosyal Çalışma,0.5789,"Sosyal > Sosyal > Eğitim, Eğitim Araştırmaları",0.5764
1064,Sosyal > Sosyal > Coğrafya || Sosyal > Sosyal > Siyasi Bilimler || Sosyal > Sosyal > Uluslararası İlişkiler,Sosyal > Sosyal > Uluslararası İlişkiler,0.6682,Sosyal > Sosyal > Siyasi Bilimler,0.6158,Sosyal > Sosyal > Ortaçağ ve Rönesans Çalışmaları,0.5315,Sosyal > Sosyal > Tarih,0.5275,Fen > Mühendislik > Savunma Bilimleri,0.512
1070,Fen > Tıp > Romatoloji,Fen > Tıp > Psikiyatri,0.6132,Fen > Tıp > Tıbbi Laboratuar Teknolojisi,0.5864,Fen > Tıp > Klinik Nöroloji,0.5645,Fen > Tıp > Romatoloji,0.5623,Fen > Tıp > Endokrinoloji ve Metabolizma,0.5585
1075,Fen > Tıp > Romatoloji,Fen > Tıp > Romatoloji,0.531,"Fen > Tıp > Radyoloji, Nükleer Tıp, Tıbbi Görüntüleme",0.5094,Fen > Tıp > Ortopedi,0.4791,Fen > Tıp > Tıbbi Laboratuar Teknolojisi,0.4724,Fen > Tıp > Üroloji ve Nefroloji,0.4712
1076,Fen > Tıp > Pediatri || Fen > Tıp > Romatoloji,Fen > Tıp > Romatoloji,0.5628,Fen > Tıp > Pediatri,0.4846,Fen > Tıp > Enfeksiyon Hastalıkları,0.4771,Fen > Tıp > İmmünoloji,0.466,Fen > Tıp > Solunum Sistemi,0.4439
1080,Fen > Tıp > Anestezi || Fen > Tıp > Fizyoloji,Fen > Tıp > Anestezi,0.648,Fen > Tıp > Cerrahi,0.5466,Fen > Tıp > Dermatoloji,0.5299,Fen > Tıp > Solunum Sistemi,0.5114,Fen > Tıp > Klinik Nöroloji,0.5083
1081,Fen > Tıp > Anestezi || Fen > Tıp > Kadın Hastalıkları ve Doğum,Fen > Tıp > Anestezi,0.7218,Fen > Tıp > Acil Tıp,0.6077,Fen > Tıp > Cerrahi,0.5712,Fen > Tıp > Kadın Hastalıkları ve Doğum,0.5647,Fen > Tıp > Solunum Sistemi,0.5437
1083,Fen > Tıp > Anestezi || Fen > Veterinerlik > Veterinerlik,Fen > Tıp > Anestezi,0.6498,Fen > Tıp > Tıbbi Araştırmalar Deneysel,0.53,Fen > Veterinerlik > Veterinerlik,0.5295,Fen > Tıp > Cerrahi,0.5047,Fen > Eczacılık > Farmakoloji ve Eczacılık,0.5037
1086,Fen > Diş Hekimliği > Diş Hekimliği || Fen > Tıp > Anestezi || Fen > Tıp > Pediatri,Fen > Tıp > Anestezi,0.6843,Fen > Diş Hekimliği > Diş Hekimliği,0.669,Fen > Tıp > Pediatri,0.5997,Sosyal > Sosyal > Hemşirelik,0.5272,Fen > Tıp > Sağlık Bilimleri ve Hizmetleri,0.5252
1093,"Fen > Mühendislik > Bilgisayar Bilimleri, Sibernitik || Fen > Mühendislik > Bilgisayar Bilimleri, Yapay Zeka || Fen > Mühendislik > Jeoloji || Fen > Mühendislik > Mühendislik, Jeoloji","Fen > Mühendislik > Bilgisayar Bilimleri, Yapay Zeka",0.6363,"Fen > Mühendislik > Mühendislik, Jeoloji",0.6162,"Fen > Mühendislik > Bilgisayar Bilimleri, Sibernitik",0.5737,Fen > Temel Bilimler > Su Kaynakları,0.5597,"Fen > Mühendislik > Bilgisayar Bilimleri, Yazılım Mühendisliği",0.5494
1095,Fen > Mühendislik > Jeoloji || Fen > Mühendislik > Meteoroloji ve Atmosferik Bilimler || Fen > Temel Bilimler > Ekoloji || Fen > Temel Bilimler > Çevre Bilimleri || Sosyal > Sosyal > Coğrafya,Fen > Temel Bilimler > Çevre Bilimleri,0.6573,Fen > Temel Bilimler > Ekoloji,0.6378,Fen > Mühendislik > Jeoloji,0.6325,Fen > Temel Bilimler > Oşinografi,0.6247,Sosyal > Sosyal > Coğrafya,0.5892
1105,Fen > Temel Bilimler > Deniz ve Tatlı Su Biyolojisi || Fen > Temel Bilimler > Zooloji,Fen > Temel Bilimler > Deniz ve Tatlı Su Biyolojisi,0.5015,Fen > Temel Bilimler > Limnoloji,0.4902,Fen > Temel Bilimler > Entomoloji,0.4896,Fen > Temel Bilimler > Parazitoloji,0.4775,Fen > Temel Bilimler > Zooloji,0.4669
1123,Fen > Eczacılık > Farmakoloji ve Eczacılık || Fen > Ziraat > Bitki Bilimleri,Fen > Temel Bilimler > Biyoloji,0.5068,Fen > Eczacılık > Farmakoloji ve Eczacılık,0.5017,Fen > Ziraat > Bitki Bilimleri,0.4906,Fen > Eczacılık > Toksikoloji,0.4894,Fen > Mühendislik > Orman Mühendisliği,0.4839
1133,"Fen > Tıp > Kulak, Burun, Boğaz",Fen > Tıp > Cerrahi,0.5134,Fen > Tıp > Anestezi,0.4775,Fen > Tıp > Periferik Damar Hastalıkları,0.4745,Fen > Tıp > Anatomi ve Morfoloji,0.4617,"Fen > Tıp > Kulak, Burun, Boğaz",0.4554
1135,"Fen > Tıp > Cerrahi || Fen > Tıp > Endokrinoloji ve Metabolizma || Fen > Tıp > Kulak, Burun, Boğaz",Fen > Tıp > Cerrahi,0.6369,Fen > Tıp > Solunum Sistemi,0.5813,"Fen > Tıp > Kulak, Burun, Boğaz",0.581,Fen > Tıp > Anatomi ve Morfoloji,0.5619,Fen > Tıp > Göz Hastalıkları,0.5392
1152,"Fen > Mühendislik > Malzeme Bilimleri, Tekstil || Fen > Mühendislik > Mühendislik, Kimya",Fen > Mühendislik > Gıda Bilimi ve Teknolojisi,0.5842,Fen > Tıp > Biyoteknoloji ve Uygulamalı Mikrobiyoloji,0.5669,Fen > Temel Bilimler > Biyoloji,0.561,Fen > Ziraat > Bahçe Bitkileri,0.544,Fen > Ziraat > Bitki Bilimleri,0.5357
1153,"Fen > Mühendislik > Mühendislik, Kimya || Fen > Mühendislik > Nanobilim ve Nanoteknoloji || Fen > Tıp > Mikrobiyoloji",Fen > Mühendislik > Nanobilim ve Nanoteknoloji,0.6093,"Fen > Temel Bilimler > Kimya, Analitik",0.5948,"Fen > Mühendislik > Mühendislik, Biyotıp",0.5608,"Fen > Mühendislik > Malzeme Bilimleri, Biyomalzemeler",0.5302,Fen > Eczacılık > Farmakoloji ve Eczacılık,0.5167
1157,"Fen > Tıp > Spor Bilimleri || Sosyal > Sosyal > Eğitim, Eğitim Araştırmaları","Sosyal > Sosyal > Eğitim, Eğitim Araştırmaları",0.5215,Fen > Tıp > Spor Bilimleri,0.4532,"Sosyal > Sosyal > Eğitim, Özel",0.4355,Sosyal > Sosyal > Antropoloji,0.431,Sosyal > Sosyal > Kültürel Çalışmalar,0.4233
1158,Fen > Tıp > Spor Bilimleri,Sosyal > Sosyal > Aile Çalışmaları,0.5687,Fen > Tıp > Kadın Hastalıkları ve Doğum,0.5225,Sosyal > Sosyal > Hemşirelik,0.5152,Sosyal > Sosyal > Psikoloji,0.4991,"Sosyal > Sosyal > Eğitim, Özel",0.4871
1161,Fen > Tıp > Spor Bilimleri,Fen > Tıp > Rehabilitasyon,0.6165,Fen > Tıp > Spor Bilimleri,0.6079,Fen > Tıp > Fizyoloji,0.5789,Fen > Tıp > Ortopedi,0.5153,Fen > Tıp > Tıbbi Araştırmalar Deneysel,0.5125
1172,Fen > Temel Bilimler > Balıkçılık || Fen > Tıp > Mikrobiyoloji || Fen > Veterinerlik > Veterinerlik,Fen > Tıp > Mikrobiyoloji,0.6356,Fen > Tıp > Tropik Tıp,0.5326,Fen > Temel Bilimler > Balıkçılık,0.5302,Fen > Tıp > Enfeksiyon Hastalıkları,0.5277,Fen > Temel Bilimler > Mantar Bilimi,0.5244
1174,Fen > Temel Bilimler > Balıkçılık || Fen > Temel Bilimler > Parazitoloji,Fen > Temel Bilimler > Parazitoloji,0.7165,Fen > Temel Bilimler > Zooloji,0.6913,Fen > Temel Bilimler > Entomoloji,0.6778,Fen > Temel Bilimler > Deniz ve Tatlı Su Biyolojisi,0.6514,Fen > Temel Bilimler > Balıkçılık,0.6292
1219,Fen > Eczacılık > Toksikoloji || Fen > Mühendislik > Nanobilim ve Nanoteknoloji || Fen > Temel Bilimler > Deniz ve Tatlı Su Biyolojisi,Fen > Mühendislik > Nanobilim ve Nanoteknoloji,0.5873,Fen > Temel Bilimler > Biyoloji,0.5698,Fen > Eczacılık > Toksikoloji,0.5693,Fen > Tıp > Biyoteknoloji ve Uygulamalı Mikrobiyoloji,0.5531,Fen > Tıp > Biyokimya ve Moleküler Biyoloji,0.5279
1224,"Fen > Mühendislik > Mühendislik, Elektrik ve Elektronik || Fen > Temel Bilimler > Balıkçılık || Fen > Temel Bilimler > Deniz ve Tatlı Su Biyolojisi || Fen > Temel Bilimler > Su Kaynakları",Fen > Temel Bilimler > Çevre Bilimleri,0.5331,Fen > Temel Bilimler > Deniz ve Tatlı Su Biyolojisi,0.5081,Fen > Temel Bilimler > Limnoloji,0.4943,Fen > Temel Bilimler > Balıkçılık,0.494,Fen > Temel Bilimler > Oşinografi,0.474
1240,Fen > Temel Bilimler > Entomoloji || Fen > Tıp > Hücre Biyolojisi || Fen > Tıp > Onkoloji,Fen > Tıp > Onkoloji,0.5932,Fen > Tıp > Biyokimya ve Moleküler Biyoloji,0.561,Fen > Tıp > Hücre Biyolojisi,0.5449,Fen > Temel Bilimler > Biyoloji,0.5277,Fen > Eczacılık > Farmakoloji ve Eczacılık,0.5257
1242,Fen > Temel Bilimler > Entomoloji || Fen > Temel Bilimler > Parazitoloji,Fen > Temel Bilimler > Parazitoloji,0.5503,Fen > Temel Bilimler > Entomoloji,0.519,Fen > Ziraat > Bahçe Bitkileri,0.4698,Fen > Ziraat > Bitki Bilimleri,0.4578,Fen > Temel Bilimler > Zooloji,0.4529
1243,Fen > Temel Bilimler > Entomoloji || Fen > Tıp > Mikrobiyoloji,Fen > Tıp > Mikrobiyoloji,0.6435,Fen > Temel Bilimler > Balıkçılık,0.5932,Fen > Temel Bilimler > Deniz ve Tatlı Su Biyolojisi,0.5897,Fen > Temel Bilimler > Limnoloji,0.5693,Fen > Temel Bilimler > Entomoloji,0.5667
1246,Fen > Eczacılık > Toksikoloji || Fen > Temel Bilimler > Entomoloji,Fen > Temel Bilimler > Entomoloji,0.592,Fen > Eczacılık > Toksikoloji,0.5779,Fen > Temel Bilimler > Parazitoloji,0.5622,Fen > Temel Bilimler > Genetik ve Kalıtım,0.5617,Fen > Temel Bilimler > Biyoloji,0.5554
1262,Fen > Mühendislik > Çevre Mühendisliği || Fen > Temel Bilimler > Çevre Bilimleri,Fen > Temel Bilimler > Çevre Bilimleri,0.6477,Fen > Temel Bilimler > Oşinografi,0.5837,Fen > Temel Bilimler > Limnoloji,0.5813,Fen > Temel Bilimler > Ekoloji,0.5508,Fen > Temel Bilimler > Deniz ve Tatlı Su Biyolojisi,0.5448
1272,Sosyal > Sosyal > Kentsel Çalışmalar || Sosyal > Sosyal > Çevre Çalışmaları,Sosyal > Sosyal > Kentsel Çalışmalar,0.6376,Sosyal > Sosyal > Çevre Çalışmaları,0.5931,Sosyal > Sosyal > Kamu Yönetimi,0.5677,Fen > Mühendislik > Mimarlık,0.5519,Sosyal > Sosyal > Sosyoloji,0.536
1291,Fen > Tıp > Hücre Biyolojisi || Fen > Tıp > İmmünoloji,Fen > Tıp > Biyokimya ve Moleküler Biyoloji,0.5059,Fen > Tıp > Hücre Biyolojisi,0.4903,Fen > Temel Bilimler > Biyoloji,0.4888,Fen > Eczacılık > Farmakoloji ve Eczacılık,0.4653,Fen > Tıp > İmmünoloji,0.4627
1303,Fen > Tıp > Onkoloji || Fen > Tıp > Tıbbi Laboratuar Teknolojisi,Fen > Tıp > Onkoloji,0.6034,Fen > Tıp > Patoloji,0.5699,Fen > Tıp > Gastroenteroloji ve Hepatoloji,0.5592,Fen > Tıp > Hematoloji,0.5443,"Fen > Tıp > Radyoloji, Nükleer Tıp, Tıbbi Görüntüleme",0.5332
1309,"Fen > Mühendislik > Bilgisayar Bilimleri, Yapay Zeka || Fen > Mühendislik > Robotik || Sosyal > Sosyal > Etik || Sosyal > Sosyal > Hukuk",Sosyal > Sosyal > Etik,0.5379,Fen > Mühendislik > Robotik,0.5034,Fen > Tıp > Tıbbi Etik,0.4539,Sosyal > Sosyal > Hukuk,0.4355,"Fen > Mühendislik > Bilgisayar Bilimleri, Yapay Zeka",0.4335
1311,Sosyal > Sosyal > Etik || Sosyal > Sosyal > Tiyatro,Sosyal > Sosyal > Tiyatro,0.5642,Sosyal > Sosyal > Felsefe,0.5116,Sosyal > Sosyal > Çevre Çalışmaları,0.5036,Sosyal > Sosyal > Siyasi Bilimler,0.4764,Sosyal > Sosyal > Edebi Teori ve Eleştiri,0.4747
1313,Sosyal > Sosyal > Etik || Sosyal > Sosyal > Psikoloji,Sosyal > Sosyal > Etik,0.5299,Sosyal > Sosyal > Psikoloji,0.5,Fen > Tıp > Tıbbi Etik,0.4935,Sosyal > Sosyal > Sosyal Çalışma,0.4628,Fen > Tıp > Sağlık Bilimleri ve Hizmetleri,0.4546
1314,"Fen > Mühendislik > Bilgisayar Bilimleri, Yapay Zeka || Sosyal > Sosyal > Etik || Sosyal > Sosyal > İletişim",Sosyal > Sosyal > Etik,0.4386,Sosyal > Sosyal > İletişim,0.425,"Fen > Mühendislik > Bilgisayar Bilimleri, Yapay Zeka",0.3581,Sosyal > Sosyal > İşletme,0.3554,Sosyal > Sosyal > Halkla İlişkiler,0.3553
1324,Fen > Temel Bilimler > Su Kaynakları || Fen > Temel Bilimler > Çevre Bilimleri || Fen > Ziraat > Tarımsal Ekonomi ve Politika || Sosyal > Sosyal > Nüfus İstatistikleri Bilimi,Fen > Temel Bilimler > Oşinografi,0.6467,Fen > Temel Bilimler > Çevre Bilimleri,0.6277,Fen > Temel Bilimler > Su Kaynakları,0.5927,Sosyal > Sosyal > Coğrafya,0.5659,Fen > Temel Bilimler > Limnoloji,0.5593
1335,Fen > Mühendislik > Görüntüleme Bilimi ve Fotoğraf Teknolojisi || Fen > Mühendislik > Mimarlık || Fen > Mühendislik > İnşaat ve Yapı Teknolojisi,Fen > Mühendislik > Görüntüleme Bilimi ve Fotoğraf Teknolojisi,0.6346,"Fen > Mühendislik > Bilgisayar Bilimleri, Yazılım Mühendisliği",0.5738,"Fen > Mühendislik > Bilgisayar Bilimleri, Yapay Zeka",0.5517,"Fen > Mühendislik > Bilgisayar Bilimleri, Sibernitik",0.5502,"Fen > Mühendislik > Bilgisayar Bilimleri, Teori ve Metotlar",0.5221
1343,Sosyal > Sosyal > Antropoloji || Sosyal > Sosyal > Coğrafya || Sosyal > Sosyal > Kentsel Çalışmalar,Sosyal > Sosyal > Coğrafya,0.6273,Sosyal > Sosyal > Kentsel Çalışmalar,0.6198,Sosyal > Sosyal > Kültürel Çalışmalar,0.5853,Sosyal > Sosyal > Halkla İlişkiler,0.5842,Sosyal > Sosyal > Arkeoloji,0.5764
1345,Fen > Tıp > Spor Bilimleri || Sosyal > Sosyal > Antropoloji || Sosyal > Sosyal > Siyasi Bilimler,Sosyal > Sosyal > Psikoloji,0.6518,Fen > Tıp > Spor Bilimleri,0.6512,Fen > Tıp > Fizyoloji,0.5733,Sosyal > Sosyal > Davranış Bilimleri,0.5572,Sosyal > Sosyal > Aile Çalışmaları,0.5428
1349,"Fen > Ziraat > Bitki Bilimleri || Fen > Ziraat > Ziraat, Toprak Bilimi",Fen > Eczacılık > Toksikoloji,0.5306,Fen > Ziraat > Bahçe Bitkileri,0.5243,Fen > Ziraat > Bitki Bilimleri,0.5224,Fen > Tıp > Biyoteknoloji ve Uygulamalı Mikrobiyoloji,0.5058,"Fen > Ziraat > Ziraat, Toprak Bilimi",0.4782
1352,"Fen > Mühendislik > Orman Mühendisliği || Fen > Temel Bilimler > Su Kaynakları || Fen > Ziraat > Ziraat, Toprak Bilimi",Fen > Mühendislik > Orman Mühendisliği,0.6335,Fen > Temel Bilimler > Ekoloji,0.5934,Fen > Temel Bilimler > Çevre Bilimleri,0.5629,Fen > Temel Bilimler > Biyoloji Çeşitliliğinin Korunması,0.5368,"Fen > Mühendislik > Mühendislik, Jeoloji",0.5343
1353,"Fen > Ziraat > Bitki Bilimleri || Fen > Ziraat > Ziraat, Toprak Bilimi",Fen > Ziraat > Ziraat Mühendisliği,0.6641,Fen > Temel Bilimler > Su Kaynakları,0.6253,"Fen > Ziraat > Ziraat, Toprak Bilimi",0.6251,Fen > Ziraat > Bitki Bilimleri,0.6231,Fen > Ziraat > Bahçe Bitkileri,0.6045
1359,Sosyal > Sosyal > Etnik Çalışmalar || Sosyal > Sosyal > Nüfus İstatistikleri Bilimi || Sosyal > Sosyal > Siyasi Bilimler,Sosyal > Sosyal > Nüfus İstatistikleri Bilimi,0.6136,Sosyal > Sosyal > Siyasi Bilimler,0.5968,Sosyal > Sosyal > Sosyoloji,0.5917,Sosyal > Sosyal > Etnik Çalışmalar,0.5901,Sosyal > Sosyal > Antropoloji,0.5791
1363,Sosyal > Sosyal > Nüfus İstatistikleri Bilimi || Sosyal > Sosyal > Çevre Çalışmaları || Sosyal > Sosyal > İktisat,Sosyal > Sosyal > İktisat,0.5334,Sosyal > Sosyal > Çevre Çalışmaları,0.4751,Sosyal > Sosyal > Kamu Yönetimi,0.4316,Sosyal > Sosyal > Sosyoloji,0.4287,Sosyal > Sosyal > Aile Çalışmaları,0.4232
1365,Fen > Temel Bilimler > İstatistik ve Olasılık || Sosyal > Sosyal > Nüfus İstatistikleri Bilimi || Sosyal > Sosyal > İktisat,Sosyal > Sosyal > Nüfus İstatistikleri Bilimi,0.622,Sosyal > Sosyal > İktisat,0.6107,Sosyal > Sosyal > Sosyal Çalışma,0.5989,Sosyal > Sosyal > Kamu Yönetimi,0.5887,Sosyal > Sosyal > İşletme,0.5845
1372,"Fen > Mühendislik > Enerji ve Yakıtlar || Fen > Mühendislik > Malzeme Bilimleri, Tekstil","Fen > Mühendislik > Yeşil, Sürdürülebilir Bilim ve Teknoloji",0.4804,Fen > Mühendislik > Enerji ve Yakıtlar,0.4743,Fen > Mühendislik > Çevre Mühendisliği,0.4082,Fen > Mühendislik > İnşaat ve Yapı Teknolojisi,0.4026,Sosyal > Sosyal > Çevre Çalışmaları,0.3855
1381,"Fen > Temel Bilimler > Biyoloji || Fen > Temel Bilimler > Kimya, Organik",Fen > Mühendislik > Gıda Bilimi ve Teknolojisi,0.5582,Fen > Ziraat > Bitki Bilimleri,0.5558,Fen > Eczacılık > Farmakoloji ve Eczacılık,0.5472,Fen > Temel Bilimler > Biyoloji,0.5427,Fen > Tıp > Biyoteknoloji ve Uygulamalı Mikrobiyoloji,0.5146
1385,"Fen > Mühendislik > Polimer Bilimi || Fen > Temel Bilimler > Kimya, Organik","Fen > Temel Bilimler > Kimya, Uygulamalı",0.5778,"Fen > Mühendislik > Malzeme Bilimleri, Kaplamalar ve Filmler",0.5595,"Fen > Temel Bilimler > Kimya, Organik",0.5549,Fen > Mühendislik > Nanobilim ve Nanoteknoloji,0.5545,Fen > Mühendislik > Polimer Bilimi,0.5492
1411,Fen > Tıp > Gastroenteroloji ve Hepatoloji || Fen > Tıp > Pediatri || Fen > Tıp > Tıbbi İnformatik,Fen > Tıp > Pediatri,0.6482,Fen > Tıp > Tıbbi İnformatik,0.5611,"Fen > Mühendislik > Bilgisayar Bilimleri, Yapay Zeka",0.5375,Fen > Tıp > Tıbbi Etik,0.5137,Fen > Tıp > Gastroenteroloji ve Hepatoloji,0.5115
1416,Fen > Temel Bilimler > Genetik ve Kalıtım || Fen > Tıp > Kadın Hastalıkları ve Doğum || Fen > Tıp > Tıbbi İnformatik,Fen > Tıp > Kadın Hastalıkları ve Doğum,0.5692,Fen > Tıp > Pediatri,0.5336,Fen > Tıp > Anatomi ve Morfoloji,0.5308,Sosyal > Sosyal > Hemşirelik,0.5194,Fen > Tıp > Tıbbi Etik,0.5171
1431,"Fen > Mühendislik > Orman Mühendisliği || Fen > Mühendislik > Yeşil, Sürdürülebilir Bilim ve Teknoloji",Sosyal > Sosyal > Çevre Çalışmaları,0.6474,Fen > Ziraat > Tarımsal Ekonomi ve Politika,0.5956,Sosyal > Sosyal > İktisat,0.5909,Fen > Mühendislik > Orman Mühendisliği,0.5892,"Fen > Mühendislik > Yeşil, Sürdürülebilir Bilim ve Teknoloji",0.5842
1449,Fen > Mühendislik > Endüstri Mühendisliği,Fen > Mühendislik > Endüstri Mühendisliği,0.4336,Sosyal > Sosyal > İşletme Finans,0.4166,Sosyal > Sosyal > İşletme,0.3897,Sosyal > Sosyal > İktisat,0.3687,Fen > Mühendislik > Savunma Bilimleri,0.3679
1452,Fen > Mühendislik > Endüstri Mühendisliği || Fen > Mühendislik > Taşınım Bilimi ve Teknolojisi || Sosyal > Sosyal > İktisat,Fen > Mühendislik > Taşınım Bilimi ve Teknolojisi,0.7488,Sosyal > Sosyal > İktisat,0.5539,Sosyal > Sosyal > İşletme Finans,0.5413,Sosyal > Sosyal > İşletme,0.5305,"Sosyal > Sosyal > Bilgi, Belge Yönetimi",0.5066
1454,"Fen > Mühendislik > Endüstri Mühendisliği || Fen > Mühendislik > Malzeme Bilimleri, Kâğıt ve Ahşap",Sosyal > Sosyal > Sağlık Politikaları ve Hizmetleri,0.6014,Fen > Tıp > Fizyoloji,0.5754,Fen > Tıp > Halk ve Çevre Sağlığı,0.5751,Fen > Tıp > Sağlık Bilimleri ve Hizmetleri,0.5604,Fen > Tıp > Rehabilitasyon,0.5597
1466,Fen > Temel Bilimler > Viroloji || Fen > Ziraat > Bahçe Bitkileri || Fen > Ziraat > Bitki Bilimleri,Fen > Temel Bilimler > Viroloji,0.7147,Fen > Ziraat > Bahçe Bitkileri,0.661,Fen > Ziraat > Bitki Bilimleri,0.6077,Fen > Temel Bilimler > Parazitoloji,0.5349,Fen > Temel Bilimler > Genetik ve Kalıtım,0.5329
1471,Fen > Temel Bilimler > Mikroskopi || Fen > Tıp > Anatomi ve Morfoloji || Fen > Veterinerlik > Veterinerlik,Fen > Temel Bilimler > Zooloji,0.5481,Fen > Temel Bilimler > Mikroskopi,0.5231,Fen > Veterinerlik > Veterinerlik,0.5045,"Fen > Tıp > Radyoloji, Nükleer Tıp, Tıbbi Görüntüleme",0.4904,Fen > Tıp > Anatomi ve Morfoloji,0.465
1474,Fen > Temel Bilimler > Biyoloji || Fen > Temel Bilimler > Mikroskopi || Fen > Tıp > Anatomi ve Morfoloji,Fen > Tıp > Geriatri ve Gerontoloji,0.5118,Fen > Tıp > Romatoloji,0.508,Fen > Tıp > Anatomi ve Morfoloji,0.5005,"Fen > Tıp > Radyoloji, Nükleer Tıp, Tıbbi Görüntüleme",0.4781,Fen > Tıp > Nörolojik Bilimler,0.4746
1478,"Fen > Tıp > Geriatri ve Gerontoloji || Sosyal > Sosyal > Eğitim, Eğitim Araştırmaları",Fen > Tıp > Geriatri ve Gerontoloji,0.6428,Sosyal > Sosyal > Sosyal Çalışma,0.5546,Fen > Tıp > Sağlık Bilimleri ve Hizmetleri,0.5199,Sosyal > Sosyal > Sosyoloji,0.4803,Sosyal > Sosyal > Sağlık Politikaları ve Hizmetleri,0.4731
1488,"Sosyal > Sosyal > Eğitim, Eğitim Araştırmaları || Sosyal > Sosyal > Eğitim, Özel","Sosyal > Sosyal > Eğitim, Eğitim Araştırmaları",0.4626,"Sosyal > Sosyal > Eğitim, Özel",0.3791,Fen > Mühendislik > Robotik,0.3687,Sosyal > Sosyal > Davranış Bilimleri,0.359,Sosyal > Sosyal > Dil ve Dil Bilim,0.3258
1494,"Sosyal > Sosyal > Eğitim, Eğitim Araştırmaları || Sosyal > Sosyal > Eğitim, Özel","Sosyal > Sosyal > Eğitim, Eğitim Araştırmaları",0.6501,Sosyal > Sosyal > Davranış Bilimleri,0.5399,Fen > Temel Bilimler > Matematik,0.538,Sosyal > Sosyal > Psikoloji,0.536,Sosyal > Sosyal > Aile Çalışmaları,0.5079
1495,"Sosyal > Sosyal > Eğitim, Eğitim Araştırmaları || Sosyal > Sosyal > Eğitim, Özel","Sosyal > Sosyal > Eğitim, Eğitim Araştırmaları",0.6588,Fen > Tıp > Sağlık Bilimleri ve Hizmetleri,0.5715,Sosyal > Sosyal > Davranış Bilimleri,0.565,Sosyal > Sosyal > Psikoloji,0.5465,Sosyal > Sosyal > Sosyal Çalışma,0.5414
1503,"Fen > Mühendislik > Bilgisayar Bilimleri, Teori ve Metotlar || Fen > Mühendislik > Mühendislik, Elektrik ve Elektronik || Fen > Temel Bilimler > Matematik","Fen > Mühendislik > Mühendislik, Elektrik ve Elektronik",0.5392,"Fen > Mühendislik > Mühendislik, Makine",0.4854,Fen > Mühendislik > Endüstri Mühendisliği,0.4695,"Fen > Mühendislik > Bilgisayar Bilimleri, Donanım ve Mimari",0.4624,"Fen > Mühendislik > Bilgisayar Bilimleri, Teori ve Metotlar",0.459
1506,"Fen > Mühendislik > Bilgisayar Bilimleri, Teori ve Metotlar || Fen > Mühendislik > Bilgisayar Bilimleri, Yapay Zeka","Sosyal > Sosyal > Eğitim, Eğitim Araştırmaları",0.6191,Sosyal > Sosyal > İletişim,0.6145,"Fen > Mühendislik > Bilgisayar Bilimleri, Yapay Zeka",0.6044,Sosyal > Sosyal > Bilim Felsefesi ve Tarihi,0.5659,Fen > Tıp > Tıbbi İnformatik,0.5611
1513,Fen > Temel Bilimler > Parazitoloji || Fen > Veterinerlik > Veterinerlik,Fen > Temel Bilimler > Parazitoloji,0.5906,Fen > Veterinerlik > Veterinerlik,0.5903,Fen > Temel Bilimler > Zooloji,0.5511,Fen > Temel Bilimler > Entomoloji,0.5396,Fen > Tıp > Tropik Tıp,0.5208
1522,"Sosyal > Sosyal > Bilgi, Belge Yönetimi || Sosyal > Sosyal > İletişim","Sosyal > Sosyal > Bilgi, Belge Yönetimi",0.7252,Sosyal > Sosyal > İşletme,0.5569,Sosyal > Sosyal > İletişim,0.5407,Sosyal > Sosyal > Sosyoloji,0.521,Sosyal > Sosyal > Sosyal Çalışma,0.521
1528,Fen > Tıp > Anatomi ve Morfoloji || Fen > Tıp > Geriatri ve Gerontoloji,Fen > Tıp > Rehabilitasyon,0.578,Fen > Tıp > Ortopedi,0.5687,"Sosyal > Sosyal > Bilgi, Belge Yönetimi",0.5563,Fen > Tıp > Geriatri ve Gerontoloji,0.5366,Fen > Tıp > Fizyoloji,0.5334
1532,Fen > Tıp > Anatomi ve Morfoloji || Sosyal > Sosyal > Etnik Çalışmalar || Sosyal > Sosyal > Uluslararası İlişkiler,Sosyal > Sosyal > Etnik Çalışmalar,0.6652,Sosyal > Sosyal > Tarih,0.6343,Sosyal > Sosyal > Uluslararası İlişkiler,0.6293,Sosyal > Sosyal > Ortaçağ ve Rönesans Çalışmaları,0.6193,Sosyal > Sosyal > Siyasi Bilimler,0.5879
1536,"Fen > Tıp > Anatomi ve Morfoloji || Fen > Veterinerlik > Veterinerlik || Sosyal > Sosyal > Eğitim, Eğitim Araştırmaları","Sosyal > Sosyal > Eğitim, Eğitim Araştırmaları",0.5613,Fen > Tıp > Anatomi ve Morfoloji,0.5534,Fen > Veterinerlik > Veterinerlik,0.5253,Fen > Tıp > Sağlık Bilimleri ve Hizmetleri,0.5122,Sosyal > Sosyal > Hemşirelik,0.5108
1538,Sosyal > Sosyal > Asya Çalışmaları || Sosyal > Sosyal > Uluslararası İlişkiler,Sosyal > Sosyal > Edebiyat,0.5121,Sosyal > Sosyal > Bilim Felsefesi ve Tarihi,0.5051,Sosyal > Sosyal > Felsefe,0.4928,Sosyal > Sosyal > Antropoloji,0.4719,Sosyal > Sosyal > Uluslararası İlişkiler,0.4674
1539,Sosyal > Sosyal > Asya Çalışmaları || Sosyal > Sosyal > Tarih,Sosyal > Sosyal > Tarih,0.576,Sosyal > Sosyal > Ortaçağ ve Rönesans Çalışmaları,0.5737,Sosyal > Sosyal > Asya Çalışmaları,0.4802,Sosyal > Sosyal > Uluslararası İlişkiler,0.4743,Sosyal > Sosyal > Arkeoloji,0.4631
1540,Sosyal > Sosyal > Asya Çalışmaları || Sosyal > Sosyal > Edebiyat,Sosyal > Sosyal > Edebiyat,0.4638,Sosyal > Sosyal > Edebi Teori ve Eleştiri,0.4171,Sosyal > Sosyal > Antropoloji,0.4145,Sosyal > Sosyal > Folklor,0.3929,Sosyal > Sosyal > Tarih,0.3841
1541,Sosyal > Sosyal > Asya Çalışmaları || Sosyal > Sosyal > Din Bilimi || Sosyal > Sosyal > Ortaçağ ve Rönesans Çalışmaları,Sosyal > Sosyal > Din Bilimi,0.6433,Sosyal > Sosyal > Tarih,0.5938,Sosyal > Sosyal > Antropoloji,0.5584,Sosyal > Sosyal > Mantık,0.5543,Sosyal > Sosyal > Folklor,0.5523
1542,Sosyal > Sosyal > Asya Çalışmaları || Sosyal > Sosyal > Edebiyat || Sosyal > Sosyal > Ortaçağ ve Rönesans Çalışmaları || Sosyal > Sosyal > Tarih,Sosyal > Sosyal > Edebiyat,0.7175,Sosyal > Sosyal > Edebi Teori ve Eleştiri,0.6412,Sosyal > Sosyal > Antropoloji,0.6382,Sosyal > Sosyal > Felsefe,0.6354,Sosyal > Sosyal > Tiyatro,0.6258
1543,Sosyal > Sosyal > Antropoloji || Sosyal > Sosyal > Asya Çalışmaları || Sosyal > Sosyal > Edebiyat || Sosyal > Sosyal > Felsefe,Sosyal > Sosyal > Beşeri Bilimler,0.5189,Sosyal > Sosyal > Edebiyat,0.4883,Sosyal > Sosyal > Edebi Teori ve Eleştiri,0.4827,Sosyal > Sosyal > Tiyatro,0.4704,Sosyal > Sosyal > Felsefe,0.4489
1545,Sosyal > Sosyal > Asya Çalışmaları || Sosyal > Sosyal > Dil ve Dil Bilim || Sosyal > Sosyal > Kadın Araştırmaları,Sosyal > Sosyal > Kadın Araştırmaları,0.6974,Sosyal > Sosyal > Sosyoloji,0.5833,Sosyal > Sosyal > Edebiyat,0.5484,Sosyal > Sosyal > Kültürel Çalışmalar,0.5406,Sosyal > Sosyal > Antropoloji,0.5222
1550,Fen > Mühendislik > Orman Mühendisliği || Fen > Temel Bilimler > Ekoloji || Fen > Ziraat > Bitki Bilimleri,Fen > Temel Bilimler > Ekoloji,0.6884,Fen > Temel Bilimler > Biyoloji Çeşitliliğinin Korunması,0.6472,Fen > Temel Bilimler > Çevre Bilimleri,0.6327,Fen > Ziraat > Bitki Bilimleri,0.6141,Fen > Mühendislik > Orman Mühendisliği,0.6065
1558,Sosyal > Sosyal > Bilim Felsefesi ve Tarihi || Sosyal > Sosyal > Edebiyat || Sosyal > Sosyal > Tarih,Sosyal > Sosyal > Beşeri Bilimler,0.5806,Sosyal > Sosyal > Edebiyat,0.5519,Sosyal > Sosyal > Edebi Teori ve Eleştiri,0.5259,Sosyal > Sosyal > Felsefe,0.5211,Sosyal > Sosyal > Bilim Felsefesi ve Tarihi,0.5162
1566,Sosyal > Sosyal > Bilim Felsefesi ve Tarihi || Sosyal > Sosyal > Tarih,Fen > Tıp > Geriatri ve Gerontoloji,0.5277,Fen > Tıp > Sağlık Bilimleri ve Hizmetleri,0.5169,Sosyal > Sosyal > Din Bilimi,0.5107,Sosyal > Sosyal > Hemşirelik,0.4898,Sosyal > Sosyal > Mantık,0.4858
1574,"Fen > Mühendislik > Jeokimya ve Jeofizik || Fen > Mühendislik > Mühendislik, Jeoloji",Fen > Mühendislik > Jeoloji,0.599,Fen > Mühendislik > Jeokimya ve Jeofizik,0.5956,"Fen > Mühendislik > Mühendislik, Jeoloji",0.5793,Fen > Mühendislik > İnşaat Mühendisliği,0.5609,Fen > Temel Bilimler > Mineraloji,0.4921
1576,Fen > Mühendislik > Jeokimya ve Jeofizik || Fen > Mühendislik > İnşaat Mühendisliği,Fen > Mühendislik > İnşaat Mühendisliği,0.7501,"Fen > Mühendislik > Mühendislik, Jeoloji",0.6852,Fen > Mühendislik > Jeoloji,0.6181,Fen > Mühendislik > Jeokimya ve Jeofizik,0.6048,Fen > Temel Bilimler > Mineraloji,0.591
1579,"Fen > Eczacılık > Farmakoloji ve Eczacılık || Fen > Mühendislik > Malzeme Bilimleri, Biyomalzemeler || Fen > Mühendislik > Polimer Bilimi",Fen > Mühendislik > Hücre ve Doku Mühendisliği,0.5923,"Fen > Mühendislik > Malzeme Bilimleri, Biyomalzemeler",0.5763,Fen > Eczacılık > Farmakoloji ve Eczacılık,0.5762,"Fen > Temel Bilimler > Kimya, Uygulamalı",0.5324,"Fen > Temel Bilimler > Kimya, Organik",0.5265
1580,"Fen > Mühendislik > Hücre ve Doku Mühendisliği || Fen > Mühendislik > Malzeme Bilimleri, Biyomalzemeler || Fen > Mühendislik > Mühendislik, Biyotıp","Fen > Mühendislik > Malzeme Bilimleri, Biyomalzemeler",0.6569,Fen > Mühendislik > Polimer Bilimi,0.6539,Fen > Mühendislik > Hücre ve Doku Mühendisliği,0.6467,"Fen > Mühendislik > Malzeme Bilimleri, Kompozitler",0.6069,"Fen > Mühendislik > Malzeme Bilimleri, Özellik ve Test",0.5895
1581,"Fen > Eczacılık > Farmakoloji ve Eczacılık || Fen > Mühendislik > Malzeme Bilimleri, Biyomalzemeler",Fen > Mühendislik > Hücre ve Doku Mühendisliği,0.5553,"Fen > Mühendislik > Malzeme Bilimleri, Biyomalzemeler",0.5539,Fen > Tıp > Dermatoloji,0.5476,Fen > Eczacılık > Farmakoloji ve Eczacılık,0.538,Fen > Tıp > Biyokimya ve Moleküler Biyoloji,0.508
1584,"Fen > Mühendislik > Malzeme Bilimleri, Biyomalzemeler || Fen > Tıp > Sağlık Bilimleri ve Hizmetleri","Sosyal > Sosyal > Bilgi, Belge Yönetimi",0.5793,Fen > Tıp > Tıbbi İnformatik,0.5772,Fen > Temel Bilimler > Biyoloji,0.5717,Fen > Temel Bilimler > Deniz ve Tatlı Su Biyolojisi,0.5661,Fen > Temel Bilimler > Ekoloji,0.5656
1585,"Fen > Mühendislik > Malzeme Bilimleri, Biyomalzemeler || Fen > Mühendislik > Malzeme Bilimleri, Tekstil",Fen > Mühendislik > Metalürji Mühendisliği,0.6714,"Fen > Mühendislik > Malzeme Bilimleri, Özellik ve Test",0.6685,Fen > Mühendislik > İmalat Mühendisliği,0.579,Fen > Mühendislik > Nanobilim ve Nanoteknoloji,0.5752,"Fen > Mühendislik > Malzeme Bilimleri, Kaplamalar ve Filmler",0.565
1586,"Fen > Mühendislik > Malzeme Bilimleri, Biyomalzemeler || Fen > Mühendislik > Mühendislik, Makine || Fen > Temel Bilimler > Kimya, Uygulamalı",Fen > Mühendislik > İnşaat Mühendisliği,0.6696,"Fen > Mühendislik > Mühendislik, Makine",0.6103,Fen > Mühendislik > İmalat Mühendisliği,0.5964,"Fen > Mühendislik > Malzeme Bilimleri, Kompozitler",0.5929,"Fen > Mühendislik > Malzeme Bilimleri, Özellik ve Test",0.5775
1595,"Fen > Mühendislik > Bilgisayar Bilimleri, Yapay Zeka || Fen > Mühendislik > Mimarlık || Sosyal > Sosyal > Film, Radyo, Televizyon","Sosyal > Sosyal > Film, Radyo, Televizyon",0.5709,Sosyal > Sosyal > Sanat,0.5623,Fen > Mühendislik > Görüntüleme Bilimi ve Fotoğraf Teknolojisi,0.524,Sosyal > Sosyal > Felsefe,0.5216,"Fen > Mühendislik > Bilgisayar Bilimleri, Sibernitik",0.5183
1612,Fen > Tıp > Endokrinoloji ve Metabolizma || Fen > Tıp > Kalp ve Kalp Damar Sistemi || Fen > Tıp > Periferik Damar Hastalıkları,Fen > Tıp > Kalp ve Kalp Damar Sistemi,0.6877,Fen > Tıp > Periferik Damar Hastalıkları,0.6559,Fen > Tıp > Endokrinoloji ve Metabolizma,0.6548,Fen > Tıp > Romatoloji,0.6082,Fen > Tıp > Gastroenteroloji ve Hepatoloji,0.5945
1615,Fen > Tıp > Periferik Damar Hastalıkları,Fen > Tıp > Kalp ve Kalp Damar Sistemi,0.5924,Fen > Tıp > Periferik Damar Hastalıkları,0.5813,Sosyal > Sosyal > Hemşirelik,0.5664,Fen > Tıp > Solunum Sistemi,0.5612,Fen > Tıp > Hematoloji,0.5463
1616,Fen > Tıp > Periferik Damar Hastalıkları || Fen > Tıp > Romatoloji,Fen > Tıp > Romatoloji,0.642,Fen > Tıp > Anatomi ve Morfoloji,0.6032,Fen > Tıp > Periferik Damar Hastalıkları,0.5991,Fen > Tıp > Kalp ve Kalp Damar Sistemi,0.5892,"Fen > Tıp > Radyoloji, Nükleer Tıp, Tıbbi Görüntüleme",0.58
1623,Fen > Tıp > Adli Tıp || Fen > Tıp > Göz Hastalıkları,Fen > Tıp > Adli Tıp,0.6255,Fen > Tıp > Göz Hastalıkları,0.5728,Fen > Tıp > Halk ve Çevre Sağlığı,0.5449,Fen > Tıp > Sağlık Bilimleri ve Hizmetleri,0.5262,Fen > Tıp > Acil Tıp,0.522
1631,Fen > Tıp > Biyokimya ve Moleküler Biyoloji || Fen > Tıp > Hücre Biyolojisi,Fen > Tıp > Hücre Biyolojisi,0.6606,Fen > Tıp > Biyokimya ve Moleküler Biyoloji,0.6454,Fen > Tıp > Tıbbi Araştırmalar Deneysel,0.5745,Fen > Tıp > Biyofizik,0.5649,Fen > Temel Bilimler > Genetik ve Kalıtım,0.5468
1633,Fen > Tıp > Biyokimya ve Moleküler Biyoloji || Fen > Tıp > Hücre Biyolojisi || Fen > Tıp > Onkoloji,Fen > Tıp > Romatoloji,0.4934,Fen > Tıp > Dermatoloji,0.4796,Fen > Tıp > Nörolojik Bilimler,0.4638,Fen > Temel Bilimler > Genetik ve Kalıtım,0.4567,Fen > Tıp > Klinik Nöroloji,0.4491
1644,Fen > Eczacılık > Toksikoloji || Fen > Tıp > Pediatri,Fen > Tıp > Pediatri,0.5626,Fen > Tıp > Acil Tıp,0.5337,"Fen > Tıp > Yoğun Bakım, Tıp",0.4983,Fen > Tıp > Psikiyatri,0.4846,Fen > Tıp > Adli Tıp,0.4711
1651,Fen > Temel Bilimler > Mantar Bilimi || Fen > Tıp > Mikrobiyoloji,"Sosyal > Sosyal > Bilgi, Belge Yönetimi",0.616,Fen > Tıp > Mikrobiyoloji,0.5775,Fen > Temel Bilimler > Mantar Bilimi,0.5629,Fen > Tıp > Tropik Tıp,0.5505,Fen > Tıp > Enfeksiyon Hastalıkları,0.5453
1664,Sosyal > Sosyal > Etnik Çalışmalar || Sosyal > Sosyal > Siyasi Bilimler || Sosyal > Sosyal > Tarih,Sosyal > Sosyal > Tarih,0.6591,Sosyal > Sosyal > Ortaçağ ve Rönesans Çalışmaları,0.6242,Sosyal > Sosyal > Uluslararası İlişkiler,0.5137,Sosyal > Sosyal > Etnik Çalışmalar,0.5128,Sosyal > Sosyal > Hukuk,0.5091
1666,Sosyal > Sosyal > Antropoloji || Sosyal > Sosyal > Etnik Çalışmalar || Sosyal > Sosyal > Tarih,Sosyal > Sosyal > Ortaçağ ve Rönesans Çalışmaları,0.6509,Sosyal > Sosyal > Tarih,0.6454,Sosyal > Sosyal > Din Bilimi,0.6314,Sosyal > Sosyal > Etnik Çalışmalar,0.5761,Sosyal > Sosyal > Folklor,0.5682
1674,"Fen > Mühendislik > Mühendislik, Hava ve Uzay || Fen > Mühendislik > Mühendislik, Makine || Fen > Mühendislik > İmalat Mühendisliği","Fen > Mühendislik > Mühendislik, Makine",0.6413,"Fen > Mühendislik > Mühendislik, Hava ve Uzay",0.5926,Fen > Mühendislik > İmalat Mühendisliği,0.5786,Fen > Mühendislik > Polimer Bilimi,0.5164,"Fen > Mühendislik > Malzeme Bilimleri, Kompozitler",0.5151
1707,Fen > Mühendislik > Enerji ve Yakıtlar || Fen > Temel Bilimler > Termodinamik,Fen > Mühendislik > Enerji ve Yakıtlar,0.6083,Fen > Temel Bilimler > Termodinamik,0.5956,"Fen > Mühendislik > Yeşil, Sürdürülebilir Bilim ve Teknoloji",0.5294,"Fen > Mühendislik > Mühendislik, Petrol",0.525,"Fen > Mühendislik > Mühendislik, Jeoloji",0.5012
1709,"Fen > Mühendislik > Enerji ve Yakıtlar || Fen > Temel Bilimler > Fizik, Katı Hal || Fen > Temel Bilimler > Termodinamik",Fen > Temel Bilimler > Fizikokimya,0.4905,"Fen > Temel Bilimler > Kimya, Uygulamalı",0.4813,Fen > Mühendislik > Enerji ve Yakıtlar,0.48,"Fen > Temel Bilimler > Fizik, Atomik ve Moleküler Kimya",0.4734,"Fen > Mühendislik > Malzeme Bilimleri, Özellik ve Test",0.4675
1710,"Fen > Mühendislik > Enerji ve Yakıtlar || Fen > Mühendislik > Mühendislik, Makine || Fen > Temel Bilimler > Termodinamik",Fen > Mühendislik > Enerji ve Yakıtlar,0.5242,"Fen > Mühendislik > Mühendislik, Elektrik ve Elektronik",0.4951,"Fen > Mühendislik > Mühendislik, Hava ve Uzay",0.4936,"Fen > Mühendislik > Mühendislik, Makine",0.4826,"Fen > Mühendislik > Mühendislik, Biyotıp",0.4562
1714,"Fen > Mühendislik > Enerji ve Yakıtlar || Fen > Mühendislik > Mühendislik, Makine || Fen > Temel Bilimler > Termodinamik",Fen > Temel Bilimler > Termodinamik,0.6441,Fen > Mühendislik > Enerji ve Yakıtlar,0.6277,"Fen > Mühendislik > Yeşil, Sürdürülebilir Bilim ve Teknoloji",0.5779,"Fen > Mühendislik > Mühendislik, Makine",0.5402,Fen > Mühendislik > İnşaat ve Yapı Teknolojisi,0.5384
1715,"Fen > Mühendislik > Mühendislik, Makine || Fen > Temel Bilimler > Termodinamik",Fen > Temel Bilimler > Termodinamik,0.6249,"Fen > Mühendislik > Mühendislik, Makine",0.6217,"Fen > Temel Bilimler > Fizik, Akışkanlar ve Plazma",0.5954,"Fen > Mühendislik > Mühendislik, Deniz",0.5428,"Fen > Mühendislik > Malzeme Bilimleri, Özellik ve Test",0.5284
1720,"Sosyal > Sosyal > Eğitim, Eğitim Araştırmaları || Sosyal > Sosyal > Madde Bağımlılığı",Sosyal > Sosyal > Madde Bağımlılığı,0.6063,Sosyal > Sosyal > İletişim,0.5549,Sosyal > Sosyal > Sosyal Çalışma,0.5304,Sosyal > Sosyal > Psikoloji,0.5265,"Sosyal > Sosyal > Eğitim, Eğitim Araştırmaları",0.5173
1726,Sosyal > Sosyal > Madde Bağımlılığı || Sosyal > Sosyal > Psikoloji,Sosyal > Sosyal > Psikoloji,0.6519,Sosyal > Sosyal > Madde Bağımlılığı,0.6144,Fen > Tıp > Sağlık Bilimleri ve Hizmetleri,0.6046,Sosyal > Sosyal > Davranış Bilimleri,0.6027,Sosyal > Sosyal > Sosyal Çalışma,0.5815
1738,Fen > Tıp > Halk ve Çevre Sağlığı || Fen > Tıp > Pediatri || Fen > Tıp > Temel Sağlık Hizmetleri,Fen > Tıp > Pediatri,0.6231,Fen > Tıp > Kadın Hastalıkları ve Doğum,0.6183,Fen > Tıp > Temel Sağlık Hizmetleri,0.6147,Fen > Tıp > Sağlık Bilimleri ve Hizmetleri,0.6054,Sosyal > Sosyal > Hemşirelik,0.6043
1739,Fen > Tıp > Sağlık Bilimleri ve Hizmetleri || Fen > Tıp > Temel Sağlık Hizmetleri,Sosyal > Sosyal > Hemşirelik,0.6411,Fen > Tıp > Sağlık Bilimleri ve Hizmetleri,0.6392,Sosyal > Sosyal > Sağlık Politikaları ve Hizmetleri,0.6004,Sosyal > Sosyal > Psikoloji,0.5938,Fen > Tıp > Rehabilitasyon,0.5821
1742,Fen > Eczacılık > Farmakoloji ve Eczacılık || Fen > Tıp > Geriatri ve Gerontoloji || Fen > Tıp > Temel Sağlık Hizmetleri,Fen > Tıp > Geriatri ve Gerontoloji,0.5726,Fen > Tıp > Temel Sağlık Hizmetleri,0.4635,Fen > Tıp > Genel ve Dahili Tıp,0.4593,Fen > Tıp > Sağlık Bilimleri ve Hizmetleri,0.4568,Fen > Tıp > Tıbbi İnformatik,0.4396
1744,Fen > Tıp > Temel Sağlık Hizmetleri || Sosyal > Sosyal > Madde Bağımlılığı,Sosyal > Sosyal > Madde Bağımlılığı,0.5441,Fen > Tıp > Temel Sağlık Hizmetleri,0.4957,Fen > Tıp > Genel ve Dahili Tıp,0.4681,Sosyal > Sosyal > Hemşirelik,0.4527,Fen > Tıp > Halk ve Çevre Sağlığı,0.4487
1746,Fen > Tıp > Dermatoloji || Fen > Tıp > Temel Sağlık Hizmetleri,Fen > Tıp > Temel Sağlık Hizmetleri,0.5947,Fen > Tıp > Dermatoloji,0.5676,Fen > Tıp > Tıbbi İnformatik,0.5577,"Fen > Tıp > Kulak, Burun, Boğaz",0.5576,Sosyal > Sosyal > Sağlık Politikaları ve Hizmetleri,0.5551
1747,"Fen > Mühendislik > Bilgisayar Bilimleri, Bilgi Sistemleri || Sosyal > Sosyal > Kamu Yönetimi",Sosyal > Sosyal > İktisat,0.573,Sosyal > Sosyal > Kamu Yönetimi,0.5716,Sosyal > Sosyal > İşletme,0.5352,"Fen > Mühendislik > Bilgisayar Bilimleri, Yapay Zeka",0.5267,Sosyal > Sosyal > İletişim,0.4912
1749,"Fen > Mühendislik > Bilgisayar Bilimleri, Bilgi Sistemleri || Sosyal > Sosyal > Eğitim, Eğitim Araştırmaları","Sosyal > Sosyal > Eğitim, Eğitim Araştırmaları",0.5067,Sosyal > Sosyal > İşletme,0.449,Sosyal > Sosyal > İletişim,0.4378,"Fen > Mühendislik > Bilgisayar Bilimleri, Bilgi Sistemleri",0.4326,"Sosyal > Sosyal > Bilgi, Belge Yönetimi",0.4284
1771,Fen > Temel Bilimler > Biyoloji Çeşitliliğinin Korunması || Sosyal > Sosyal > Çevre Çalışmaları,Fen > Temel Bilimler > Biyoloji Çeşitliliğinin Korunması,0.5882,Fen > Temel Bilimler > Ekoloji,0.5843,Sosyal > Sosyal > Hukuk,0.5262,Fen > Mühendislik > Mimarlık,0.5118,Fen > Mühendislik > Orman Mühendisliği,0.4953
1774,Fen > Temel Bilimler > Biyoloji Çeşitliliğinin Korunması || Fen > Temel Bilimler > Çevre Bilimleri || Sosyal > Sosyal > Çevre Çalışmaları,Fen > Temel Bilimler > Ekoloji,0.6265,Fen > Temel Bilimler > Çevre Bilimleri,0.6037,Fen > Temel Bilimler > Biyoloji Çeşitliliğinin Korunması,0.5935,Sosyal > Sosyal > Kentsel Çalışmalar,0.5622,Fen > Mühendislik > Orman Mühendisliği,0.559
1779,"Fen > Mühendislik > Mühendislik, Biyotıp || Fen > Tıp > Nörolojik Bilimler || Fen > Tıp > Solunum Sistemi",Fen > Tıp > Klinik Nöroloji,0.5593,Fen > Tıp > Psikiyatri,0.4956,Fen > Tıp > Acil Tıp,0.4917,Fen > Tıp > Anestezi,0.4824,"Fen > Tıp > Yoğun Bakım, Tıp",0.4781
1787,"Fen > Mühendislik > Bilgisayar Bilimleri, Yapay Zeka || Fen > Mühendislik > Mühendislik, Deniz || Fen > Mühendislik > Robotik","Fen > Mühendislik > Mühendislik, Deniz",0.4141,Fen > Mühendislik > Robotik,0.3803,"Fen > Mühendislik > Mühendislik, Elektrik ve Elektronik",0.3555,"Fen > Temel Bilimler > Fizik, Akışkanlar ve Plazma",0.3509,Fen > Mühendislik > Denizcilik,0.3451
1788,"Fen > Mühendislik > Denizcilik || Fen > Mühendislik > Mühendislik, Deniz || Fen > Mühendislik > Taşınım Bilimi ve Teknolojisi",Fen > Mühendislik > Taşınım Bilimi ve Teknolojisi,0.5079,Fen > Mühendislik > Denizcilik,0.4655,"Fen > Mühendislik > Mühendislik, Hava ve Uzay",0.4188,"Fen > Mühendislik > Bilgisayar Bilimleri, Yazılım Mühendisliği",0.4169,"Fen > Mühendislik > Mühendislik, Deniz",0.406
1810,"Fen > Mühendislik > Maden İşletme ve Cevher Hazırlama || Fen > Mühendislik > Mühendislik, Makine",Fen > Mühendislik > İnşaat Mühendisliği,0.5113,"Fen > Mühendislik > Mühendislik, Jeoloji",0.4817,Fen > Mühendislik > İnşaat ve Yapı Teknolojisi,0.4718,Fen > Mühendislik > Maden İşletme ve Cevher Hazırlama,0.4673,"Fen > Mühendislik > Mühendislik, Hava ve Uzay",0.4298
1816,Fen > Mühendislik > Maden İşletme ve Cevher Hazırlama || Fen > Mühendislik > Metalürji Mühendisliği,Fen > Mühendislik > Metalürji Mühendisliği,0.5458,Fen > Mühendislik > Maden İşletme ve Cevher Hazırlama,0.5366,"Fen > Mühendislik > Malzeme Bilimleri, Özellik ve Test",0.487,"Fen > Mühendislik > Mühendislik, Kimya",0.4651,Fen > Mühendislik > Çevre Mühendisliği,0.4438
1822,Fen > Mühendislik > Enerji ve Yakıtlar || Fen > Mühendislik > Meteoroloji ve Atmosferik Bilimler,Fen > Mühendislik > Meteoroloji ve Atmosferik Bilimler,0.5991,Fen > Mühendislik > Enerji ve Yakıtlar,0.5949,Fen > Temel Bilimler > Çevre Bilimleri,0.5436,Fen > Temel Bilimler > Su Kaynakları,0.5418,Fen > Temel Bilimler > Oşinografi,0.5287
1826,Fen > Mühendislik > Meteoroloji ve Atmosferik Bilimler || Fen > Temel Bilimler > Çevre Bilimleri || Sosyal > Sosyal > Coğrafya,Fen > Temel Bilimler > Çevre Bilimleri,0.5525,Sosyal > Sosyal > Nüfus İstatistikleri Bilimi,0.5366,Fen > Temel Bilimler > Oşinografi,0.5126,Fen > Mühendislik > Meteoroloji ve Atmosferik Bilimler,0.5056,Sosyal > Sosyal > Coğrafya,0.5045
1828,Fen > Tıp > Androloji || Fen > Tıp > Endokrinoloji ve Metabolizma || Fen > Tıp > Tıbbi Araştırmalar Deneysel || Fen > Veterinerlik > Veterinerlik,Fen > Tıp > Androloji,0.6159,Fen > Tıp > Endokrinoloji ve Metabolizma,0.5957,Fen > Tıp > Tıbbi Araştırmalar Deneysel,0.5946,Fen > Tıp > Biyokimya ve Moleküler Biyoloji,0.4576,Fen > Veterinerlik > Veterinerlik,0.4539
1870,Fen > Tıp > Tıbbi Etik || Sosyal > Sosyal > Hukuk || Sosyal > Sosyal > Kadın Araştırmaları,Sosyal > Sosyal > Kadın Araştırmaları,0.5339,Fen > Tıp > Tıbbi Etik,0.489,Fen > Tıp > Kadın Hastalıkları ve Doğum,0.4855,Sosyal > Sosyal > Sosyoloji,0.4818,Sosyal > Sosyal > Sağlık Politikaları ve Hizmetleri,0.4725
1873,Fen > Tıp > Tıbbi Araştırmalar Deneysel || Fen > Tıp > Tıbbi Etik,Sosyal > Sosyal > Hukuk,0.4765,Fen > Tıp > Tıbbi Etik,0.4736,Fen > Tıp > Hematoloji,0.4716,Fen > Tıp > Solunum Sistemi,0.4547,Fen > Tıp > Cerrahi,0.4448
1876,Fen > Tıp > Tıbbi Etik || Fen > Tıp > Tıbbi İnformatik || Fen > Tıp > Üroloji ve Nefroloji,Fen > Tıp > Tıbbi İnformatik,0.5433,Fen > Tıp > Rehabilitasyon,0.5107,Fen > Tıp > Tıbbi Etik,0.5032,Sosyal > Sosyal > Hemşirelik,0.4926,Fen > Tıp > Ortopedi,0.4737
1887,"Fen > Mühendislik > Bilgisayar Bilimleri, Yapay Zeka || Fen > Tıp > Alerji",Fen > Tıp > Alerji,0.6153,"Fen > Mühendislik > Bilgisayar Bilimleri, Yapay Zeka",0.6031,Fen > Tıp > Tıbbi İnformatik,0.5955,Fen > Tıp > Pediatri,0.5621,Fen > Tıp > İmmünoloji,0.5397
1898,"Fen > Temel Bilimler > Fizik, Atomik ve Moleküler Kimya || Fen > Temel Bilimler > Kimya, Organik","Fen > Temel Bilimler > Kimya, Organik",0.624,"Fen > Temel Bilimler > Fizik, Atomik ve Moleküler Kimya",0.6048,"Fen > Temel Bilimler > Kimya, Uygulamalı",0.5844,Fen > Temel Bilimler > Optik,0.5721,"Fen > Temel Bilimler > Kimya, İnorganik ve Nükleer",0.5659
1900,"Fen > Mühendislik > Nükleer Bilim ve Teknolojisi || Fen > Temel Bilimler > Fizik, Atomik ve Moleküler Kimya","Fen > Temel Bilimler > Fizik, Nükleer",0.5993,Fen > Mühendislik > Nükleer Bilim ve Teknolojisi,0.5073,Fen > Tıp > Onkoloji,0.4613,"Fen > Temel Bilimler > Fizik, Partiküller ve Alanlar",0.4567,"Fen > Tıp > Radyoloji, Nükleer Tıp, Tıbbi Görüntüleme",0.4494
1902,"Fen > Temel Bilimler > Fizik, Atomik ve Moleküler Kimya || Fen > Temel Bilimler > Kimya, Organik","Fen > Temel Bilimler > Fizik, Atomik ve Moleküler Kimya",0.5728,"Fen > Temel Bilimler > Kimya, Organik",0.5692,Fen > Temel Bilimler > Fizikokimya,0.5523,"Fen > Temel Bilimler > Kimya, Uygulamalı",0.5324,Fen > Eczacılık > Farmakoloji ve Eczacılık,0.5071
1904,"Fen > Mühendislik > Mühendislik, Elektrik ve Elektronik || Fen > Temel Bilimler > Fizik, Atomik ve Moleküler Kimya",Fen > Mühendislik > Metalürji Mühendisliği,0.4854,"Fen > Mühendislik > Malzeme Bilimleri, Özellik ve Test",0.4795,"Fen > Temel Bilimler > Fizik, Katı Hal",0.46,Fen > Mühendislik > Nanobilim ve Nanoteknoloji,0.4592,"Fen > Temel Bilimler > Fizik, Partiküller ve Alanlar",0.4579
1905,"Fen > Temel Bilimler > Fizik, Atomik ve Moleküler Kimya || Fen > Temel Bilimler > Fizik, Katı Hal || Fen > Tıp > Fizyoloji","Fen > Temel Bilimler > Fizik, Katı Hal",0.5606,"Fen > Temel Bilimler > Fizik, Partiküller ve Alanlar",0.553,"Fen > Temel Bilimler > Fizik, Atomik ve Moleküler Kimya",0.5126,"Fen > Temel Bilimler > Fizik, Uygulamalı",0.5051,"Fen > Mühendislik > Mühendislik, Elektrik ve Elektronik",0.5044
1926,Fen > Tıp > Endokrinoloji ve Metabolizma || Fen > Tıp > Kalp ve Kalp Damar Sistemi || Fen > Tıp > Transplantasyon,Fen > Tıp > Periferik Damar Hastalıkları,0.6393,Fen > Tıp > Kalp ve Kalp Damar Sistemi,0.6191,Fen > Tıp > Endokrinoloji ve Metabolizma,0.5396,Fen > Tıp > Gastroenteroloji ve Hepatoloji,0.5285,Fen > Tıp > Transplantasyon,0.5284
1936,"Fen > Mühendislik > Malzeme Bilimleri, Kompozitler || Fen > Mühendislik > Mühendislik, Makine","Fen > Mühendislik > Malzeme Bilimleri, Kompozitler",0.7082,Fen > Mühendislik > Polimer Bilimi,0.6449,"Fen > Mühendislik > Malzeme Bilimleri, Özellik ve Test",0.6265,Fen > Mühendislik > İnşaat ve Yapı Teknolojisi,0.5674,"Fen > Mühendislik > Mühendislik, Makine",0.5634
1953,Fen > Tıp > Fizyoloji || Fen > Tıp > Psikiyatri || Fen > Tıp > Solunum Sistemi,Fen > Tıp > Kalp ve Kalp Damar Sistemi,0.5813,Sosyal > Sosyal > Psikoloji,0.5673,Fen > Tıp > Fizyoloji,0.5298,Fen > Tıp > Psikiyatri,0.5288,Sosyal > Sosyal > Hemşirelik,0.5176
1960,Fen > Mühendislik > Endüstri Mühendisliği || Fen > Mühendislik > Robotik,Fen > Mühendislik > Robotik,0.607,Fen > Mühendislik > Endüstri Mühendisliği,0.5664,"Fen > Mühendislik > Bilgisayar Bilimleri, Yazılım Mühendisliği",0.5655,Fen > Mühendislik > Taşınım Bilimi ve Teknolojisi,0.5071,"Fen > Mühendislik > Bilgisayar Bilimleri, Yapay Zeka",0.5069
1970,"Fen > Mühendislik > Mühendislik, Hava ve Uzay || Fen > Mühendislik > Taşınım Bilimi ve Teknolojisi || Sosyal > Sosyal > İşletme",Fen > Mühendislik > Taşınım Bilimi ve Teknolojisi,0.603,Sosyal > Sosyal > İktisat,0.5774,Sosyal > Sosyal > Uluslararası İlişkiler,0.5606,Sosyal > Sosyal > İşletme Finans,0.5525,Sosyal > Sosyal > İşletme,0.5366
1981,"Sosyal > Sosyal > Halkla İlişkiler || Sosyal > Sosyal > Otelcilik, Konaklama, Spor ve Turizm || Sosyal > Sosyal > İletişim",Sosyal > Sosyal > İşletme,0.5736,Sosyal > Sosyal > İktisat,0.5528,Sosyal > Sosyal > İşletme Finans,0.5504,Fen > Tıp > Spor Bilimleri,0.5388,Sosyal > Sosyal > Çevre Çalışmaları,0.5322
1991,"Fen > Temel Bilimler > Fizik, Matematik || Fen > Temel Bilimler > Matematik",Fen > Temel Bilimler > İstatistik ve Olasılık,0.4418,Fen > Temel Bilimler > Matematik,0.4411,"Fen > Mühendislik > Mühendislik, Elektrik ve Elektronik",0.4158,Fen > Mühendislik > Çevre Mühendisliği,0.4028,Sosyal > Sosyal > İşletme Finans,0.3942
1993,"Fen > Temel Bilimler > Fizik, Matematik || Fen > Temel Bilimler > Matematik","Fen > Temel Bilimler > Fizik, Partiküller ve Alanlar",0.4488,"Fen > Temel Bilimler > Fizik, Atomik ve Moleküler Kimya",0.4009,"Fen > Temel Bilimler > Fizik, Matematik",0.3815,"Fen > Temel Bilimler > Fizik, Katı Hal",0.3794,"Fen > Temel Bilimler > Fizik, Uygulamalı",0.3401
2010,"Fen > Eczacılık > Farmakoloji ve Eczacılık || Fen > Temel Bilimler > Kimya, Analitik || Fen > Temel Bilimler > Spektroskopi",Fen > Temel Bilimler > Spektroskopi,0.5922,"Fen > Temel Bilimler > Kimya, Uygulamalı",0.5818,"Fen > Temel Bilimler > Kimya, Analitik",0.5789,Fen > Eczacılık > Farmakoloji ve Eczacılık,0.5618,"Fen > Temel Bilimler > Kimya, Tıbbi",0.5332
2020,Sosyal > Sosyal > Edebiyat || Sosyal > Sosyal > Ortaçağ ve Rönesans Çalışmaları || Sosyal > Sosyal > Sanat,Sosyal > Sosyal > Sanat,0.4531,Sosyal > Sosyal > Felsefe,0.4334,Sosyal > Sosyal > Tiyatro,0.433,Sosyal > Sosyal > Edebi Teori ve Eleştiri,0.4186,Sosyal > Sosyal > Edebiyat,0.4014
2029,Fen > Mühendislik > Jeoloji || Fen > Temel Bilimler > Oşinografi || Fen > Temel Bilimler > Paleontoloji || Fen > Temel Bilimler > Çevre Bilimleri,Fen > Temel Bilimler > Paleontoloji,0.6526,Fen > Temel Bilimler > Çevre Bilimleri,0.611,Fen > Mühendislik > Jeoloji,0.5993,Fen > Mühendislik > Jeokimya ve Jeofizik,0.584,Fen > Temel Bilimler > Oşinografi,0.5801
2086,"Fen > Temel Bilimler > Fizik, Partiküller ve Alanlar","Fen > Temel Bilimler > Fizik, Partiküller ve Alanlar",0.6492,"Fen > Temel Bilimler > Fizik, Nükleer",0.5717,Fen > Mühendislik > Nükleer Bilim ve Teknolojisi,0.4534,Fen > Temel Bilimler > Spektroskopi,0.392,Fen > Tıp > Onkoloji,0.3868
2092,"Fen > Mühendislik > Malzeme Bilimleri, Kaplamalar ve Filmler || Fen > Mühendislik > Nanobilim ve Nanoteknoloji || Fen > Mühendislik > İmalat Mühendisliği",Fen > Mühendislik > İmalat Mühendisliği,0.5034,"Fen > Mühendislik > Malzeme Bilimleri, Kaplamalar ve Filmler",0.4698,Fen > Mühendislik > Polimer Bilimi,0.4411,"Fen > Mühendislik > Malzeme Bilimleri, Özellik ve Test",0.441,Fen > Diş Hekimliği > Diş Hekimliği,0.434
2097,Fen > Mühendislik > Savunma Bilimleri || Sosyal > Sosyal > İktisat,Sosyal > Sosyal > İktisat,0.7095,Sosyal > Sosyal > İşletme Finans,0.6412,Sosyal > Sosyal > İşletme,0.5956,Sosyal > Sosyal > Siyasi Bilimler,0.5882,Fen > Mühendislik > Savunma Bilimleri,0.5851
2100,Fen > Mühendislik > Savunma Bilimleri || Sosyal > Sosyal > Tarih,Fen > Mühendislik > Savunma Bilimleri,0.5791,"Fen > Mühendislik > Mühendislik, Hava ve Uzay",0.5132,Sosyal > Sosyal > Uluslararası İlişkiler,0.4826,Sosyal > Sosyal > Siyasi Bilimler,0.4494,Sosyal > Sosyal > Tarih,0.4325
2130,"Fen > Mühendislik > Bilgisayar Bilimleri, Donanım ve Mimari || Fen > Mühendislik > Bilgisayar Bilimleri, Yazılım Mühendisliği","Fen > Mühendislik > Bilgisayar Bilimleri, Donanım ve Mimari",0.6428,"Fen > Mühendislik > Bilgisayar Bilimleri, Yazılım Mühendisliği",0.5371,"Fen > Mühendislik > Bilgisayar Bilimleri, Teori ve Metotlar",0.5239,"Fen > Mühendislik > Mühendislik, Elektrik ve Elektronik",0.5225,Fen > Mühendislik > Enerji ve Yakıtlar,0.4674
2131,"Fen > Mühendislik > Bilgisayar Bilimleri, Donanım ve Mimari || Fen > Mühendislik > Mühendislik, Elektrik ve Elektronik","Fen > Mühendislik > Bilgisayar Bilimleri, Donanım ve Mimari",0.5911,"Fen > Mühendislik > Bilgisayar Bilimleri, Teori ve Metotlar",0.5196,"Fen > Mühendislik > Mühendislik, Elektrik ve Elektronik",0.5124,Fen > Temel Bilimler > Matematik,0.4822,Fen > Tıp > Biyofizik,0.4077
2135,"Fen > Mühendislik > Bilgisayar Bilimleri, Donanım ve Mimari || Fen > Mühendislik > Bilgisayar Bilimleri, Yazılım Mühendisliği",Fen > Mühendislik > Telekomünikasyon,0.4193,"Fen > Mühendislik > Mühendislik, Elektrik ve Elektronik",0.3721,"Fen > Mühendislik > Bilgisayar Bilimleri, Yazılım Mühendisliği",0.361,Fen > Mühendislik > Endüstri Mühendisliği,0.3538,"Fen > Mühendislik > Bilgisayar Bilimleri, Teori ve Metotlar",0.3486
2138,Fen > Temel Bilimler > Astronomi ve Astrofizik,"Fen > Temel Bilimler > Fizik, Partiküller ve Alanlar",0.4759,"Fen > Temel Bilimler > Fizik, Nükleer",0.433,Fen > Temel Bilimler > Astronomi ve Astrofizik,0.3973,"Fen > Tıp > Radyoloji, Nükleer Tıp, Tıbbi Görüntüleme",0.3734,Fen > Mühendislik > Nükleer Bilim ve Teknolojisi,0.369
2143,Fen > Temel Bilimler > Astronomi ve Astrofizik || Sosyal > Sosyal > Bilim Felsefesi ve Tarihi || Sosyal > Sosyal > Tarih,Fen > Temel Bilimler > Astronomi ve Astrofizik,0.6407,Sosyal > Sosyal > Tarih,0.5892,Sosyal > Sosyal > Din Bilimi,0.5714,Sosyal > Sosyal > Ortaçağ ve Rönesans Çalışmaları,0.5712,Sosyal > Sosyal > Bilim Felsefesi ve Tarihi,0.5532
2146,Fen > Temel Bilimler > Astronomi ve Astrofizik || Sosyal > Sosyal > Bilim Felsefesi ve Tarihi || Sosyal > Sosyal > Din Bilimi || Sosyal > Sosyal > Tarih,Sosyal > Sosyal > Tarih,0.5143,Fen > Temel Bilimler > Astronomi ve Astrofizik,0.508,Sosyal > Sosyal > Din Bilimi,0.5073,Sosyal > Sosyal > Folklor,0.485,Sosyal > Sosyal > Mantık,0.4835
2168,"Fen > Diş Hekimliği > Diş Hekimliği || Fen > Temel Bilimler > Fizik, Nükleer",Fen > Mühendislik > Nükleer Bilim ve Teknolojisi,0.6688,"Fen > Temel Bilimler > Fizik, Nükleer",0.6487,"Fen > Mühendislik > Malzeme Bilimleri, Özellik ve Test",0.6417,Fen > Mühendislik > Metalürji Mühendisliği,0.6366,Fen > Mühendislik > Nanobilim ve Nanoteknoloji,0.5474
2182,Sosyal > Sosyal > Felsefe || Sosyal > Sosyal > Mantık || Sosyal > Sosyal > Siyasi Bilimler || Sosyal > Sosyal > Sosyoloji,Sosyal > Sosyal > Sosyoloji,0.5767,Sosyal > Sosyal > İletişim,0.5707,Sosyal > Sosyal > Felsefe,0.5428,Sosyal > Sosyal > Aile Çalışmaları,0.5254,Sosyal > Sosyal > Nüfus İstatistikleri Bilimi,0.5178
2213,Fen > Mühendislik > Enerji ve Yakıtlar || Fen > Mühendislik > Nükleer Bilim ve Teknolojisi,Fen > Temel Bilimler > Termodinamik,0.4828,Fen > Mühendislik > Enerji ve Yakıtlar,0.4731,Fen > Mühendislik > Nükleer Bilim ve Teknolojisi,0.4527,"Fen > Mühendislik > Mühendislik, Makine",0.4348,Fen > Mühendislik > İnşaat Mühendisliği,0.4295
2232,Fen > Temel Bilimler > Ekoloji || Fen > Temel Bilimler > Kuş Bilimi,Fen > Temel Bilimler > Kuş Bilimi,0.6335,Fen > Temel Bilimler > Zooloji,0.5814,Fen > Temel Bilimler > Deniz ve Tatlı Su Biyolojisi,0.5389,Fen > Temel Bilimler > Ekoloji,0.5377,Fen > Temel Bilimler > Çevre Bilimleri,0.5359
2233,Fen > Temel Bilimler > Kuş Bilimi || Fen > Temel Bilimler > Çevre Bilimleri,Fen > Temel Bilimler > Kuş Bilimi,0.6387,Fen > Temel Bilimler > Zooloji,0.5762,Fen > Temel Bilimler > Ekoloji,0.5301,Fen > Temel Bilimler > Entomoloji,0.5203,Fen > Temel Bilimler > Deniz ve Tatlı Su Biyolojisi,0.4691
2238,Fen > Tıp > Biyofizik || Fen > Tıp > Spor Bilimleri,Fen > Tıp > Ortopedi,0.6051,Fen > Tıp > Rehabilitasyon,0.59,Fen > Tıp > Spor Bilimleri,0.5602,Fen > Tıp > Anatomi ve Morfoloji,0.5165,Fen > Tıp > Fizyoloji,0.4735
2240,Fen > Tıp > Biyofizik || Fen > Tıp > Tıbbi Araştırmalar Deneysel,Fen > Tıp > Ortopedi,0.5396,Fen > Mühendislik > Hücre ve Doku Mühendisliği,0.5293,Fen > Tıp > Dermatoloji,0.527,Fen > Tıp > Biyokimya ve Moleküler Biyoloji,0.5226,"Fen > Tıp > Radyoloji, Nükleer Tıp, Tıbbi Görüntüleme",0.5096
2246,Fen > Temel Bilimler > Biyoloji || Fen > Tıp > Biyofizik || Fen > Tıp > Biyokimya ve Moleküler Biyoloji,"Fen > Temel Bilimler > Kimya, Tıbbi",0.5854,Fen > Tıp > Biyokimya ve Moleküler Biyoloji,0.5751,Fen > Tıp > Biyofizik,0.573,"Fen > Temel Bilimler > Fizik, Atomik ve Moleküler Kimya",0.5477,"Fen > Mühendislik > Bilgisayar Bilimleri, Yazılım Mühendisliği",0.536
2256,"Fen > Mühendislik > Enerji ve Yakıtlar || Fen > Mühendislik > Mühendislik, Jeoloji || Fen > Mühendislik > Mühendislik, Petrol || Fen > Temel Bilimler > Çevre Bilimleri","Sosyal > Sosyal > Bilgi, Belge Yönetimi",0.6159,Sosyal > Sosyal > İşletme,0.5382,Fen > Temel Bilimler > Ekoloji,0.5341,Fen > Temel Bilimler > Çevre Bilimleri,0.5295,Sosyal > Sosyal > Çevre Çalışmaları,0.522
2258,"Fen > Temel Bilimler > Kimya, Organik || Fen > Tıp > Mikrobiyoloji || Fen > Tıp > Tropik Tıp","Fen > Temel Bilimler > Kimya, İnorganik ve Nükleer",0.569,"Fen > Temel Bilimler > Kimya, Tıbbi",0.5293,Fen > Eczacılık > Farmakoloji ve Eczacılık,0.5238,Fen > Tıp > Mikrobiyoloji,0.5168,"Fen > Temel Bilimler > Kimya, Organik",0.4994
2267,Sosyal > Sosyal > Kadın Araştırmaları,Sosyal > Sosyal > Kadın Araştırmaları,0.7411,Sosyal > Sosyal > Sosyoloji,0.6936,Sosyal > Sosyal > Kamu Yönetimi,0.657,Sosyal > Sosyal > Sosyal Çalışma,0.654,Sosyal > Sosyal > Etnik Çalışmalar,0.6065
2268,"Sosyal > Sosyal > Eğitim, Eğitim Araştırmaları",Fen > Mühendislik > Mimarlık,0.5501,Sosyal > Sosyal > Din Bilimi,0.5471,"Sosyal > Sosyal > Eğitim, Eğitim Araştırmaları",0.5393,Sosyal > Sosyal > Sosyoloji,0.5315,Sosyal > Sosyal > Antropoloji,0.5305
2269,"Sosyal > Sosyal > Eğitim, Eğitim Araştırmaları",Sosyal > Sosyal > Tarih,0.6284,Sosyal > Sosyal > Hukuk,0.5968,Sosyal > Sosyal > Din Bilimi,0.5908,Sosyal > Sosyal > Ortaçağ ve Rönesans Çalışmaları,0.5638,Sosyal > Sosyal > Arkeoloji,0.5501
2275,Sosyal > Sosyal > Aile Çalışmaları || Sosyal > Sosyal > Antropoloji,Sosyal > Sosyal > Aile Çalışmaları,0.6896,Sosyal > Sosyal > Psikoloji,0.6528,Fen > Tıp > Sağlık Bilimleri ve Hizmetleri,0.6514,Sosyal > Sosyal > Sosyoloji,0.6332,Sosyal > Sosyal > Din Bilimi,0.6317
2276,Sosyal > Sosyal > Hemşirelik || Sosyal > Sosyal > Psikoloji,Fen > Tıp > Sağlık Bilimleri ve Hizmetleri,0.6653,Sosyal > Sosyal > Hemşirelik,0.6401,Sosyal > Sosyal > Psikoloji,0.614,Fen > Tıp > Kadın Hastalıkları ve Doğum,0.6061,Fen > Tıp > Halk ve Çevre Sağlığı,0.5946
2282,Fen > Tıp > Periferik Damar Hastalıkları,Fen > Tıp > Periferik Damar Hastalıkları,0.6721,Fen > Tıp > Kalp ve Kalp Damar Sistemi,0.5992,Fen > Tıp > Romatoloji,0.5754,Fen > Tıp > Solunum Sistemi,0.5555,Fen > Tıp > Üroloji ve Nefroloji,0.5439
2286,"Sosyal > Sosyal > Eğitim, Eğitim Araştırmaları || Sosyal > Sosyal > Kamu Yönetimi || Sosyal > Sosyal > İşletme","Sosyal > Sosyal > Eğitim, Eğitim Araştırmaları",0.6672,Sosyal > Sosyal > Psikoloji,0.6108,Sosyal > Sosyal > Sosyal Çalışma,0.5993,Sosyal > Sosyal > Aile Çalışmaları,0.5982,Sosyal > Sosyal > Sosyoloji,0.5826
